id,name,description,cuisine_type
29e0f0bd-4599-4c3d-b574-7c7455e01838,Пицца Маргарита,Пицца Маргарита - традиционное блюдо итальянская кухни.,итальянская
cdbc59d5-c1ff-4fbd-aac5-7cc1fedeb1bb,Паста Карбонара,Паста Карбонара - традиционное блюдо итальянская кухни.,итальянская
014fabd0-3b80-4d04-bb29-a8e62e5f63c2,Ризотто,Ризотто — традиционное блюдо итальянская кухни.,итальянская
29fabd3f-44c6-4207-999b-a8cc319829fa,Тирамису,Тирамису — традиционное блюдо итальянская кухни.,итальянская
13e6abcd-ac8e-4f5f-8faa-0148ef4afe06,Лазанья,Лазанья — традиционное блюдо итальянская кухни.,итальянская
fc4379a5-7f84-450f-992e-49c4a9a35339,Панна-котта,Панна-котта — традиционное блюдо итальянская кухни.,итальянская
1d05bab9-47e4-4b90-a1bb-25704a5e70e9,Гаспачо,Гаспачо — традиционное блюдо итальянская кухни.,итальянская
a7f3e7e8-4b89-43de-a198-bc098d9ca3d6,Паста Болоньезе,Паста Болоньезе — традиционное блюдо итальянская кухни.,итальянская
8d5e2705-20c0-4d44-a4e9-0209396c7251,Брускетта,Брускетта — традиционное блюдо итальянская кухни.,итальянская
f975e940-d042-4704-b81b-10956a6da59c,Минестроне,Минестроне — традиционное блюдо итальянская кухни.,итальянская
4f1ebbf5-c941-42ac-b118-795d8f60c622,Пицца Пепперони,Пицца Пепперони — традиционное блюдо итальянская кухни.,итальянская
ba60ff8b-c8d4-4697-a8d6-6d588e5c881e,Паста Арабьята,Паста Арабьята — традиционное блюдо итальянская кухни.,итальянская
3098e21d-aaf7-4e02-b8db-b27791e438d4,Оссобуко,Оссобуко — традиционное блюдо итальянская кухни.,итальянская
5073616f-5fc2-43c7-b0fd-68ddc51850cc,Капрезе,Капрезе — традиционное блюдо итальянская кухни.,итальянская
0eb9ed9c-42d5-469e-98f9-4de3af8a56f5,Равиоли с рикоттой,Равиоли с рикоттой — традиционное блюдо итальянская кухни.,итальянская
ff7d53a6-814f-44a1-9b91-eb6eb6f81bb3,Тальятелле с трюфелями,Тальятелле с трюфелями — традиционное блюдо итальянская кухни.,итальянская
d05af2ae-9214-474d-bdbc-3c4d57e3c45a,Каннеллони,Каннеллони — традиционное блюдо итальянская кухни.,итальянская
c1372eb3-f21f-4b3f-b2a9-fa13b5310bf4,Фокачча,Фокачча — традиционное блюдо итальянская кухни.,итальянская
4ca2a893-1e15-47fa-83c8-9a4ebdc136d5,Панцеротти,Панцеротти — традиционное блюдо итальянская кухни.,итальянская
b56701f5-cb8f-4e94-8c90-2172554f10bc,Джелато,Джелато — традиционное блюдо итальянская кухни.,итальянская
a7a5b152-2476-4301-ba45-bcef7071078e,Аранчини,Аранчини — традиционное блюдо итальянская кухни.,итальянская
fde67a0d-4489-4067-bffd-02d49d75b201,Ньокки,Ньокки — традиционное блюдо итальянская кухни.,итальянская
a21caa70-67d8-4782-bf5f-c3fda0712e9c,Полинта,Полинта — традиционное блюдо итальянская кухни.,итальянская
4603d13d-9983-4623-94fc-acd4925863b9,Чиабатта,Чиабатта — традиционное блюдо итальянская кухни.,итальянская
b7d4838e-34dd-40d9-a3a3-099edf0198df,Панфорте,Панфорте — традиционное блюдо итальянская кухни.,итальянская
2493163f-c614-40f0-963e-0cfeb8c787cd,Тортеллини,Тортеллини — традиционное блюдо итальянская кухни.,итальянская
d81ca4c7-d9de-42ce-9c0b-9e6fca81a809,Фриттата,Фриттата — традиционное блюдо итальянская кухни.,итальянская
84d632b9-ac75-4c75-b6d5-3f36eb92da5e,Пармиджана,Пармиджана — традиционное блюдо итальянская кухни.,итальянская
2449f161-290f-46c6-8c9d-9f3ea4bee8b8,Сальтимбокка,Сальтимбокка — традиционное блюдо итальянская кухни.,итальянская
fd44d641-e90d-4471-94e3-ade6e7914a33,Пицца Четыре сыра,Пицца Четыре сыра — традиционное блюдо итальянская кухни.,итальянская
cc9ba3d4-9a9a-4054-88b5-0f14d029d9bf,Кальцоне,Кальцоне — традиционное блюдо итальянская кухни.,итальянская
e0c0b375-fa03-438a-b45c-4f67f0070b64,Панна-котта с ягодами,Панна-котта с ягодами — традиционное блюдо итальянская кухни.,итальянская
dbd59d0b-eb66-4486-8f96-e487e387bec6,Фарфалле с лососем,Фарфалле с лососем — традиционное блюдо итальянская кухни.,итальянская
f8f423f6-b414-4d42-9332-f165e8d3615d,Пицца с морепродуктами,Пицца с морепродуктами — традиционное блюдо итальянская кухни.,итальянская
f69cf594-2c55-44b6-9533-893bc6db00c8,Лимончелло,Лимончелло — традиционное блюдо итальянская кухни.,итальянская
b03baa19-ab8b-4819-a738-df83dfbcd94a,Амаретти,Амаретти — традиционное блюдо итальянская кухни.,итальянская
788b5eee-6c31-4b5a-8015-42edac524e40,Панеттоне,Панеттоне — традиционное блюдо итальянская кухни.,итальянская
4c519e24-79c9-48ca-aa2d-b6ecec62cbb7,Кростата,Кростата — традиционное блюдо итальянская кухни.,итальянская
a481b373-b258-4411-a9ad-5d299dde99d3,Фокачча с розмарином,Фокачча с розмарином — традиционное блюдо итальянская кухни.,итальянская
39897dc6-6424-4dff-b3ec-7a9b6aa3925e,Пицца с грушей и горгонзолой,Пицца с грушей и горгонзолой — традиционное блюдо итальянская кухни.,итальянская
81052900-2e10-4dfd-8117-9b0f826f00f5,Пицца,Пицца — традиционное блюдо итальянская кухни.,итальянская
edd09828-5046-4771-802b-0711684d8cfe,Паста,Паста — традиционное блюдо итальянская кухни.,итальянская
8de3bda4-2982-43eb-9d7b-44ac5e8b87ea,Суши с лососем,Суши с лососем — традиционное блюдо японская кухни.,японская
51271987-9bb7-463c-94e3-d8d4fd59ad14,Рамен,Рамен — традиционное блюдо японская кухни.,японская
b41363e3-4f19-4cb6-9fb1-6dc5c472ab07,Удон,Удон — традиционное блюдо японская кухни.,японская
67ce67ca-a684-4aac-8f09-d442b865d7ed,Мисо-суп,Мисо-суп — традиционное блюдо японская кухни.,японская
d88a94d6-7923-48cf-8340-1032d7722c62,Якитори,Якитори — традиционное блюдо японская кухни.,японская
11699303-27cf-49f4-b3f1-3f57803a6091,Темпура,Темпура — традиционное блюдо японская кухни.,японская
d5fddbbe-6895-40bc-af70-18d71e5fb263,Онигири,Онигири — традиционное блюдо японская кухни.,японская
a9bae396-2d87-43eb-aeb3-7a6b90578932,Терияки-курица,Терияки-курица — традиционное блюдо японская кухни.,японская
abdba418-0d00-416a-a7ff-262e88058a75,Окономияки,Окономияки — традиционное блюдо японская кухни.,японская
28775374-e38c-4102-890b-5e910ca364d2,Сашими,Сашими — традиционное блюдо японская кухни.,японская
ad51c20f-c18a-4532-ac7e-017767dedb63,Гюдон,Гюдон — традиционное блюдо японская кухни.,японская
39ccef33-546c-4448-98da-9fd0cd176bc5,Такояки,Такояки — традиционное блюдо японская кухни.,японская
237d5377-0b46-4e4a-b6ba-a9953c52ee23,Сукияки,Сукияки — традиционное блюдо японская кухни.,японская
7cb5d72c-1ec9-4a1e-9bec-bb829051fc8d,Шабу-шабу,Шабу-шабу — традиционное блюдо японская кухни.,японская
6492ab29-e538-4fd7-bd05-03e1eaf32449,Унаги-дон,Унаги-дон — традиционное блюдо японская кухни.,японская
d066922d-d3cd-4fc3-b878-716d7fb30e87,Чираши-суши,Чираши-суши — традиционное блюдо японская кухни.,японская
58e7c443-328e-4036-bc52-4d70ba9b534a,Моти,Моти — традиционное блюдо японская кухни.,японская
36159a04-5bf5-4e55-a321-349c869e2721,Дораяки,Дораяки — традиционное блюдо японская кухни.,японская
9f0f8f2e-ed01-4e54-90b4-cee7df538a80,Тамагояки,Тамагояки — традиционное блюдо японская кухни.,японская
bae1cfd1-86ec-4b04-93ca-e26a458d6df9,Мисо-рамен,Мисо-рамен — традиционное блюдо японская кухни.,японская
5627995e-9d9c-4990-9a0c-ea1420a89748,Хияши-тясю,Хияши-тясю — традиционное блюдо японская кухни.,японская
e7ebdbd8-a130-4491-9e73-4fe4a37a1307,Карааге,Карааге — традиционное блюдо японская кухни.,японская
f817f4eb-910f-40c0-960a-b75effa0d929,Ому-райсу,Ому-райсу — традиционное блюдо японская кухни.,японская
5694f623-86db-4c56-ab54-2a90164aab0e,Тонкацу,Тонкацу — традиционное блюдо японская кухни.,японская
ad59446c-c813-479c-aab2-847b3bcb119c,Окадзу,Окадзу — традиционное блюдо японская кухни.,японская
63aaf724-d703-4e39-8900-d9337fb21fea,Соба,Соба — традиционное блюдо японская кухни.,японская
665f5e7e-3c0e-4653-83a6-801a829379d7,Нику-дзага,Нику-дзага — традиционное блюдо японская кухни.,японская
1cabe20e-a105-47bf-8e06-056b494868d4,Цукэмоно,Цукэмоно — традиционное блюдо японская кухни.,японская
573fa8f2-d3a6-4885-bdbf-a78043b33607,Какигори,Какигори — традиционное блюдо японская кухни.,японская
7a169c70-74c2-441b-8d88-0be0733eedb6,Якисоба,Якисоба — традиционное блюдо японская кухни.,японская
8960fe67-7434-4d8c-a43c-371dc4156b50,Хакумай,Хакумай — традиционное блюдо японская кухни.,японская
9df7f8bb-50a5-4d8c-aa87-ba11b6e0fa5d,Сябу-сябу,Сябу-сябу — традиционное блюдо японская кухни.,японская
ae64af7b-1c17-4f34-a6f6-5a8666c2c228,Кацу-дон,Кацу-дон — традиционное блюдо японская кухни.,японская
83ad193c-fbe5-4182-bf06-b74f70244065,Тэрияки бургер,Тэрияки бургер — традиционное блюдо японская кухни.,японская
bf6ddb99-d05e-45c8-ae3a-d65d4c932949,Яки-нику,Яки-нику — традиционное блюдо японская кухни.,японская
49c5cfaf-89fd-4e36-b085-bbc3911c12fa,Гёдза,Гёдза — традиционное блюдо японская кухни.,японская
5e49fdb3-6e54-417c-8821-058f54d79366,Тайяки,Тайяки — традиционное блюдо японская кухни.,японская
3f81048d-4f3a-4ac8-a995-483eca9700e9,Амадзакэ,Амадзакэ — традиционное блюдо японская кухни.,японская
a19b4366-1d67-497c-9619-eab5b281544a,Юба,Юба — традиционное блюдо японская кухни.,японская
fb2ce0ac-9885-4058-83ef-60e1ebe209a4,Ширатаки,Ширатаки — традиционное блюдо японская кухни.,японская
cec44c1e-a09e-47f2-b606-1af6256d3126,Суши,Суши — традиционное блюдо японская кухни.,японская
8a239af9-4d19-4e82-a2bb-cf1c4a518cd8,Ролы,Ролы — традиционное блюдо японская кухни.,японская
7446aa91-ec0c-457d-99d2-28fa69669865,Рол,Рол — традиционное блюдо японская кухни.,японская
bb13b49d-2d0c-430f-8b8b-6575d350838d,Карри с курицей,Карри с курицей — традиционное блюдо индийская кухни.,индийская
53327ebe-29f8-4521-a672-6140407085ed,Масала Доса,Масала Доса — традиционное блюдо индийская кухни.,индийская
8acafdf4-c38c-437f-9801-1da84c6b575f,Наан с чесноком,Наан с чесноком — традиционное блюдо индийская кухни.,индийская
d44b70e1-1176-405a-b0d5-47c881f1aa7b,Цыпленок Тандури,Цыпленок Тандури — традиционное блюдо индийская кухни.,индийская
5837d073-2d25-4e59-99c9-42748a93f284,Палак панир,Палак панир — традиционное блюдо индийская кухни.,индийская
0ecc3844-eb1a-438b-9815-9bc80898406c,Басмати рис с шафраном,Басмати рис с шафраном — традиционное блюдо индийская кухни.,индийская
7a12ebb8-d3bd-463f-87f9-3f89dd580819,Самоса с картофелем,Самоса с картофелем — традиционное блюдо индийская кухни.,индийская
5f2aa700-b428-4bed-9ed9-a9ab6c9d1ad8,Роган Джош,Роган Джош — традиционное блюдо индийская кухни.,индийская
9193e761-bcb9-40a8-8ea8-a31e4348691c,Чана масала,Чана масала — традиционное блюдо индийская кухни.,индийская
461ef4fe-bcdf-4645-a5d5-047c9f231471,Дал тадка,Дал тадка — традиционное блюдо индийская кухни.,индийская
d0d3bc97-d430-41d9-9749-a74f599bf3c3,Баттер чикен,Баттер чикен — традиционное блюдо индийская кухни.,индийская
7f123337-3b81-4436-b76e-79b2c1ead8af,Бирияни с бараниной,Бирияни с бараниной — традиционное блюдо индийская кухни.,индийская
ae5f7c29-4c58-492f-b940-33d1c70c2f6b,Вада пав,Вада пав — традиционное блюдо индийская кухни.,индийская
abdd92e3-2963-42e6-973e-b1cfddf19c22,Алу гоби,Алу гоби — традиционное блюдо индийская кухни.,индийская
a95e10ed-a274-45a6-bdd2-80e7d04a43f1,Маттар панир,Маттар панир — традиционное блюдо индийская кухни.,индийская
e5f36926-3406-437b-9ee6-6c05315f7ed7,Мург махани,Мург махани — традиционное блюдо индийская кухни.,индийская
0efbecc3-7695-4228-8abf-fbac58f929f9,Пакора,Пакора — традиционное блюдо индийская кухни.,индийская
2a0a7edf-e267-47fa-9780-aa93849711f8,Гулаб джамун,Гулаб джамун — традиционное блюдо индийская кухни.,индийская
81d7415a-de23-4934-ba61-e853e5f24e33,Джалеби,Джалеби — традиционное блюдо индийская кухни.,индийская
1e0aed19-f1be-434b-8795-a0d4494bc7e9,Масала чай,Масала чай — традиционное блюдо индийская кухни.,индийская
e8ca4f9c-5a14-42c9-b876-5218dbeeaaa9,Кхир,Кхир — традиционное блюдо индийская кухни.,индийская
7c8687bd-c688-43b3-a6e5-d0bdcb98a338,Пани пури,Пани пури — традиционное блюдо индийская кухни.,индийская
784ecabb-23dd-4b14-9ffc-280e947e8225,Бхел пури,Бхел пури — традиционное блюдо индийская кухни.,индийская
6aa292ed-3f54-4806-9c35-fecd9a73afb8,Мисси роти,Мисси роти — традиционное блюдо индийская кухни.,индийская
bb11807f-574a-453f-a75b-a87732ebd97c,Алу тикки,Алу тикки — традиционное блюдо индийская кухни.,индийская
817d6d43-ea49-4ed4-9997-c9cd121345a2,Чаат,Чаат — традиционное блюдо индийская кухни.,индийская
466afe4b-be2d-4c2e-9bac-a134525aff19,Мург тикка,Мург тикка — традиционное блюдо индийская кухни.,индийская
525b19d1-6423-449c-a635-e9bd5e21205e,Колхапури,Колхапури — традиционное блюдо индийская кухни.,индийская
be491989-81c3-416c-beec-9d7eb8d1c3b9,Малаи кофта,Малаи кофта — традиционное блюдо индийская кухни.,индийская
b2bafba1-28cb-4f7e-8805-025e566764f5,Раджма,Раджма — традиционное блюдо индийская кухни.,индийская
3c86580d-3a2d-4b85-829c-d35caf898454,Шах панир,Шах панир — традиционное блюдо индийская кухни.,индийская
2d4fd773-41d7-4501-8ab0-119a3d66a129,Виндалу,Виндалу — традиционное блюдо индийская кухни.,индийская
f1db50b9-fd40-451a-84bd-9b8ae46713ed,Доса с картофелем,Доса с картофелем — традиционное блюдо индийская кухни.,индийская
945824cb-947f-4048-8d01-6e2501238073,Уттапам,Уттапам — традиционное блюдо индийская кухни.,индийская
37c5da3d-234f-4472-a68f-cb8045fa9d6e,Идли,Идли — традиционное блюдо индийская кухни.,индийская
8443ea2d-64e3-44e4-80de-2f8ac4c8f523,Меджу вада,Меджу вада — традиционное блюдо индийская кухни.,индийская
4c4c976e-8de0-47b1-95a6-6a3a657c275e,Козхикоде бирияни,Козхикоде бирияни — традиционное блюдо индийская кухни.,индийская
060939b3-70d7-4f9b-8056-0d0611e8cbac,Чикен 65,Чикен 65 — традиционное блюдо индийская кухни.,индийская
fe0ac5e3-3c34-49d5-8e3f-95e40a8270b0,Котту паротта,Котту паротта — традиционное блюдо индийская кухни.,индийская
306dcb03-c3e5-43a3-bbf7-62b980ddb6a7,Аппам,Аппам — традиционное блюдо индийская кухни.,индийская
764920d1-babb-4918-a087-3e1aa1eaa80d,Фо бо,Фо бо — традиционное блюдо вьетнамская кухни.,вьетнамская
64030027-0ffd-4c00-ad35-0c9a1862ceb8,Бун ча,Бун ча — традиционное блюдо вьетнамская кухни.,вьетнамская
e827166e-6d1a-42bf-b330-ccb9cd238bb6,Гой куон,Гой куон — традиционное блюдо вьетнамская кухни.,вьетнамская
4253621f-97cf-49cd-9461-ef7aaed5e073,Ка хой,Ка хой — традиционное блюдо вьетнамская кухни.,вьетнамская
cb1dd0b2-26bf-4f8b-8739-92ed26318d87,Ка рыа,Ка рыа — традиционное блюдо вьетнамская кухни.,вьетнамская
84fd2275-1581-478e-9d4b-6d3772853d17,Ча зо,Ча зо — традиционное блюдо вьетнамская кухни.,вьетнамская
33b1341e-64b8-4617-9ac3-2ca2c3536ecf,Камбала на пару,Камбала на пару — традиционное блюдо вьетнамская кухни.,вьетнамская
e9f2a87b-643c-4f0a-b9f4-70654f77b5b2,Бань куон,Бань куон — традиционное блюдо вьетнамская кухни.,вьетнамская
21ad4fa3-dcdd-4fd2-a6a5-747c04f3a953,Бань ми,Бань ми — традиционное блюдо вьетнамская кухни.,вьетнамская
152c174e-1baa-4aa9-b08c-3e2e40e9d3b1,Бань сео,Бань сео — традиционное блюдо вьетнамская кухни.,вьетнамская
2769b962-3e44-47ff-8728-78b55eaaa0e3,Бань кхот,Бань кхот — традиционное блюдо вьетнамская кухни.,вьетнамская
06801e23-9f60-4f9b-8a4d-1a4c608b87d0,Бань тет,Бань тет — традиционное блюдо вьетнамская кухни.,вьетнамская
c8720968-fe57-4c63-b96a-31fef7a7d4a0,Бань чунг,Бань чунг — традиционное блюдо вьетнамская кухни.,вьетнамская
ed61b188-ac05-4671-8340-650cff560536,Бань бао,Бань бао — традиционное блюдо вьетнамская кухни.,вьетнамская
2980b735-9fbc-4b37-ada4-5254d9a64001,Бань канг,Бань канг — традиционное блюдо вьетнамская кухни.,вьетнамская
3cee6a64-3721-4a5a-a7a7-fa58786aa270,Бань хой,Бань хой — традиционное блюдо вьетнамская кухни.,вьетнамская
56ee1896-f779-458e-a2c2-0195a48134dd,Бань бот лок,Бань бот лок — традиционное блюдо вьетнамская кухни.,вьетнамская
92801771-aa13-4c92-9eba-4116f54992f0,Бань уот,Бань уот — традиционное блюдо вьетнамская кухни.,вьетнамская
abb440e0-fb9f-4751-a5f6-5f299b730ea4,Бань конг,Бань конг — традиционное блюдо вьетнамская кухни.,вьетнамская
b72fb77d-158c-42b4-9f76-407ead65b4c0,Бань дау хань,Бань дау хань — традиционное блюдо вьетнамская кухни.,вьетнамская
95b59d12-a820-4678-8133-4b999f32813a,Бань кань,Бань кань — традиционное блюдо вьетнамская кухни.,вьетнамская
f46b2914-5024-443d-879d-c4ef8f8bccb9,Бань бео,Бань бео — традиционное блюдо вьетнамская кухни.,вьетнамская
5a045cb2-bd42-485f-8da9-78b6dea8c7bf,Бань ыт,Бань ыт — традиционное блюдо вьетнамская кухни.,вьетнамская
90152649-57ff-40c3-bf8c-530a599f85a6,Бань нам,Бань нам — традиционное блюдо вьетнамская кухни.,вьетнамская
8fd10ea9-f51c-4a08-b299-934558e8ead1,Бань гай,Бань гай — традиционное блюдо вьетнамская кухни.,вьетнамская
c9254e1a-830c-411d-8595-5c7bafd3e9c0,Бань фо,Бань фо — традиционное блюдо вьетнамская кухни.,вьетнамская
e92f51fe-d388-4e9f-9a74-402d78a1cac1,Бань кхой,Бань кхой — традиционное блюдо вьетнамская кухни.,вьетнамская
d5757778-4aa9-4cb7-9dd5-137b9ad186e5,Бань дау,Бань дау — традиционное блюдо вьетнамская кухни.,вьетнамская
8bc1c7a2-91a8-4b41-aea5-d659239bf0ce,Бань кун,Бань кун — традиционное блюдо вьетнамская кухни.,вьетнамская
f2c142d6-9e46-4dbd-a0c2-d7977bd0b8a2,Бань кунг,Бань кунг — традиционное блюдо вьетнамская кухни.,вьетнамская
6dd3df23-2546-40d8-a6ee-30bd95cbfc0a,Бань лот,Бань лот — традиционное блюдо вьетнамская кухни.,вьетнамская
15b2ebd9-a14a-4ee6-9ca5-5aff1fa16905,Бань нянг,Бань нянг — традиционное блюдо вьетнамская кухни.,вьетнамская
dde42fd7-7430-4483-92e2-907ffb50e017,Бань пхонг,Бань пхонг — традиционное блюдо вьетнамская кухни.,вьетнамская
a1a34265-d2a5-4a54-8b00-c7df84c7aeea,Бань рау,Бань рау — традиционное блюдо вьетнамская кухни.,вьетнамская
c71ecb97-aab7-4375-99ae-b2952b0fa668,Бань сой,Бань сой — традиционное блюдо вьетнамская кухни.,вьетнамская
fde6260d-5990-4ed4-a114-ebbad4d99f98,Бань там,Бань там — традиционное блюдо вьетнамская кухни.,вьетнамская
b4fed890-1e19-4929-9f5c-7be2c89f924b,Бань тхынг,Бань тхынг — традиционное блюдо вьетнамская кухни.,вьетнамская
2d821616-f2d3-4643-a4b6-8b6ecfc7428d,Бань уот,Бань уот — традиционное блюдо вьетнамская кухни.,вьетнамская
ed590c30-2ddd-4155-9233-428d6da7c780,Бань хео,Бань хео — традиционное блюдо вьетнамская кухни.,вьетнамская
161f0ce2-506d-4089-aaa4-9bb6357f42d2,Бань хот,Бань хот — традиционное блюдо вьетнамская кухни.,вьетнамская
254ae934-2b02-497a-8018-7e93a84e92c8,Хачапури по-аджарски,Хачапури по-аджарски — традиционное блюдо грузинская кухни.,грузинская
d3e3c474-66b6-48d7-8f2f-d36208acaeb1,Хинкали с мясом,Хинкали с мясом — традиционное блюдо грузинская кухни.,грузинская
cbc30fbf-cb6f-4aab-b396-58644792fabc,Чурчхела,Чурчхела — традиционное блюдо грузинская кухни.,грузинская
8dc15196-499b-479f-89ca-66f54e8b06d8,Лобио в горшочке,Лобио в горшочке — традиционное блюдо грузинская кухни.,грузинская
2c4c8ccd-391f-41fe-ae18-66a7c3a5aa45,Сациви из курицы,Сациви из курицы — традиционное блюдо грузинская кухни.,грузинская
b25ab51b-abc0-4ff2-9825-88390d9d43ca,Чахохбили,Чахохбили — традиционное блюдо грузинская кухни.,грузинская
845cfe37-48f8-4766-b99a-23778cfcaa18,Кебаб по-грузински,Кебаб по-грузински — традиционное блюдо грузинская кухни.,грузинская
b421056f-5642-4b6f-96e1-b9234327754b,Пхали из шпината,Пхали из шпината — традиционное блюдо грузинская кухни.,грузинская
c5475efb-1de4-492e-9be5-521bd8130863,Купаты,Купаты — традиционное блюдо грузинская кухни.,грузинская
ee3ed31b-b9d2-4c2a-9ace-0be3483f3c7e,Мцвади,Мцвади — традиционное блюдо грузинская кухни.,грузинская
d065146b-dcf9-44dd-99cf-664368e75523,Баже,Баже — традиционное блюдо грузинская кухни.,грузинская
15243896-f8c5-4258-9268-9d985a6ff19c,Эларджи,Эларджи — традиционное блюдо грузинская кухни.,грузинская
8523879d-ec73-43f7-a83b-02c43b0e3a00,Гебжалия,Гебжалия — традиционное блюдо грузинская кухни.,грузинская
68095d48-f363-40ed-8047-e2f2917cfd20,Оджахури,Оджахури — традиционное блюдо грузинская кухни.,грузинская
9f9f9864-f7d5-4fee-bde8-653ee2e61814,Шкмерули,Шкмерули — традиционное блюдо грузинская кухни.,грузинская
5e0efb83-485a-4ebe-a879-bc3625e181bd,Чкмерули,Чкмерули — традиционное блюдо грузинская кухни.,грузинская
db09b398-81e7-4eab-aec6-b14aaacc1957,Шотис пури,Шотис пури — традиционное блюдо грузинская кухни.,грузинская
3e8356e8-7fc1-4b39-9883-c7ae4a844eb1,Лагман,Лагман — традиционное блюдо грузинская кухни.,грузинская
ef96c180-5072-4537-b477-8da85f244b49,Аджапсандали,Аджапсандали — традиционное блюдо грузинская кухни.,грузинская
722086b6-f1d8-45f2-af8a-9c55750af7ed,Чихиртма,Чихиртма — традиционное блюдо грузинская кухни.,грузинская
246dad01-323b-47a2-a42f-4f0df1836b83,Мчади,Мчади — традиционное блюдо грузинская кухни.,грузинская
8d485c45-6504-469d-8759-37f63acd577f,Гоми,Гоми — традиционное блюдо грузинская кухни.,грузинская
a47e932f-6f75-4c08-8ec5-f84775b861f8,Сатциви,Сатциви — традиционное блюдо грузинская кухни.,грузинская
ae8aca45-1f5e-4c31-8928-52e9f57a3978,Кучмачи,Кучмачи — традиционное блюдо грузинская кухни.,грузинская
73e5c82d-6e7e-45c8-8b01-47e52a7225a3,Чахохбили из фазана,Чахохбили из фазана — традиционное блюдо грузинская кухни.,грузинская
02c2f8e0-2b8c-486e-9365-8374a82439de,Харчо,Харчо — традиционное блюдо грузинская кухни.,грузинская
169a36a9-643d-4829-9eaf-6241430f319d,Чихиртма из курицы,Чихиртма из курицы — традиционное блюдо грузинская кухни.,грузинская
f71848c5-7c46-46a0-9344-7f2abc2802c0,Бозбаши,Бозбаши — традиционное блюдо грузинская кухни.,грузинская
f0fcf7af-a8c5-471f-9634-06859d4f7e4d,Шашлык из осетрины,Шашлык из осетрины — традиционное блюдо грузинская кухни.,грузинская
d2dc2310-7222-4162-ad86-0d92a0ab4258,Чкмерули с грибами,Чкмерули с грибами — традиционное блюдо грузинская кухни.,грузинская
aa905b4f-10ca-4267-9e37-6827c0136241,Пхали из свеклы,Пхали из свеклы — традиционное блюдо грузинская кухни.,грузинская
2c629ca6-2806-4cc6-8ab5-2a467d35ac3d,Хаш,Хаш — традиционное блюдо грузинская кухни.,грузинская
6e1c84f9-4d99-4be0-b2f0-144dd334e33a,Чихиртма из индейки,Чихиртма из индейки — традиционное блюдо грузинская кухни.,грузинская
ad8c7076-2592-4351-88ef-987169054990,Купаты по-имеретински,Купаты по-имеретински — традиционное блюдо грузинская кухни.,грузинская
866e36a9-0bd2-4dc4-8629-d0eb21749117,Мцвади из баранины,Мцвади из баранины — традиционное блюдо грузинская кухни.,грузинская
feacfd23-442b-440f-8818-c4852eabd174,Хинкали с сыром,Хинкали с сыром — традиционное блюдо грузинская кухни.,грузинская
b2623c87-4c39-4886-9329-4af42c581635,Хачапури по-мегрельски,Хачапури по-мегрельски — традиционное блюдо грузинская кухни.,грузинская
4aafcc14-c722-4140-8304-cfcde608974b,Хачапури по-имеретински,Хачапури по-имеретински — традиционное блюдо грузинская кухни.,грузинская
c954ac60-364a-45c4-a17d-cdc8dad5f7c1,Хачапури с мясом,Хачапури с мясом — традиционное блюдо грузинская кухни.,грузинская
d0e5a103-2cbf-48d5-bbde-f45d7ce9b7f0,Чурчхела с фундуком,Чурчхела с фундуком — традиционное блюдо грузинская кухни.,грузинская
6548edca-4bca-4d3d-8a41-047e795969d6,Хачапури,Хачапури — традиционное блюдо грузинская кухни.,грузинская
d6404131-7637-4000-ad32-1a12c33b6d00,Шашлык,Шашлык — традиционное блюдо грузинская кухни.,грузинская
5b9c05d6-15bf-487d-9b87-25eb13546749,Хинкали,Хинкали — традиционное блюдо грузинская кухни.,грузинская
59c40481-748e-4953-aa41-f976aff63cf0,Кебаб,Кебаб — традиционное блюдо грузинская кухни.,грузинская
cb6f3671-22b3-4263-b4ac-acfe6a45ce90,Люля кебаб,Люля кебаб — традиционное блюдо грузинская кухни.,грузинская
1fc21886-045e-4da0-82b7-34152f7fe454,Чахохбили,Чахохбили — традиционное блюдо грузинская кухни.,грузинская
c6606687-c048-433e-8b4f-b1f25342e8d4,Купаты,Купаты — традиционное блюдо грузинская кухни.,грузинская
02476367-f2c2-4585-9d25-5566e5c8cf6e,Пекинская утка,Пекинская утка — традиционное блюдо китайская кухни.,китайская
89b12130-c796-48a1-91a6-43b8bcff377e,Лапша,Лапша — традиционное блюдо китайская кухни.,китайская
ef9d8476-a6e4-4164-96c6-788cfb59e58b,Димсам,Димсам — традиционное блюдо китайская кухни.,китайская
489536f2-1573-41a8-a759-a59d2dcd3486,Жареный рис,Жареный рис — традиционное блюдо китайская кухни.,китайская
7dac474e-6176-44c1-8ea3-e64425c2ab54,Кисло-сладкая свинина,Кисло-сладкая свинина — традиционное блюдо китайская кухни.,китайская
04c2862a-2ab5-49aa-97bc-47951b41a3c4,Гонконгский омлет,Гонконгский омлет — традиционное блюдо китайская кухни.,китайская
35a7ee4c-8903-415d-9428-7610f1e9df0f,Бао,Бао — традиционное блюдо китайская кухни.,китайская
1f95e5d5-a538-495e-886e-bb118f4ee169,Спринг-роллы,Спринг-роллы — традиционное блюдо китайская кухни.,китайская
55fa1296-5746-4281-b29e-8079af61a3ec,Утка по-сычуаньски,Утка по-сычуаньски — традиционное блюдо китайская кухни.,китайская
87f77279-ccba-43b8-81a9-5e168ca5fb5b,Курица Гунбао,Курица Гунбао — традиционное блюдо китайская кухни.,китайская
c86faf4d-bf8d-4649-83ed-73ae1d2b3c89,Тофу Мапо,Тофу Мапо — традиционное блюдо китайская кухни.,китайская
6aaca665-b277-40b3-9524-7b6655f4d0e2,Суп Вонтон,Суп Вонтон — традиционное блюдо китайская кухни.,китайская
367a5049-ead1-487f-8fd9-ce058ddc9c3a,Чар-сю,Чар-сю — традиционное блюдо китайская кухни.,китайская
246c0d20-ba1e-4b1c-8eb1-220780d44ee5,Лапша Дан-Дан,Лапша Дан-Дан — традиционное блюдо китайская кухни.,китайская
a2197ac5-715e-4ce8-ae56-0fbe91fb2bfd,Цзяоцзы,Цзяоцзы — традиционное блюдо китайская кухни.,китайская
2c2f18c4-876c-4ad5-ad0a-28898db50065,Сяо Лун Бао,Сяо Лун Бао — традиционное блюдо китайская кухни.,китайская
cc1a6de7-f451-4e8b-a5c4-f2717c88a674,Жареная лапша,Жареная лапша — традиционное блюдо китайская кухни.,китайская
589e351a-527c-4ab5-8f37-ddc88d488ade,Курица с кешью,Курица с кешью — традиционное блюдо китайская кухни.,китайская
956ec922-9665-4b10-af1d-48a409c8c3b7,Баклажаны в чесночном соусе,Баклажаны в чесночном соусе — традиционное блюдо китайская кухни.,китайская
cfe8df03-d81a-4c21-b631-a3855ed813af,Свинина в сладко-кислом соусе,Свинина в сладко-кислом соусе — традиционное блюдо китайская кухни.,китайская
ee688b39-a8a2-4534-9d82-7cf8379e1af5,Креветки с чесноком,Креветки с чесноком — традиционное блюдо китайская кухни.,китайская
296cf532-4d16-4456-99a9-5868a9e694c2,Утка в апельсиновом соусе,Утка в апельсиновом соусе — традиционное блюдо китайская кухни.,китайская
7637ce8a-4dee-4f12-b76b-bfbebe69aca6,Суп из акульих плавников,Суп из акульих плавников — традиционное блюдо китайская кухни.,китайская
914c16c2-7551-4dc1-b0dc-86466b6e907c,Лапша с говядиной,Лапша с говядиной — традиционное блюдо китайская кухни.,китайская
3048f667-179c-4e4a-8644-13acf08effa9,Курица с лимоном,Курица с лимоном — традиционное блюдо китайская кухни.,китайская
1d45262e-a853-4ca0-9658-9557813f1f92,Свиные ребрышки,Свиные ребрышки — традиционное блюдо китайская кухни.,китайская
283021b2-877c-49f2-83e2-ebeda2e8ebfe,Креветки с брокколи,Креветки с брокколи — традиционное блюдо китайская кухни.,китайская
468ac2cf-0d24-4a77-a022-1917b1e819e1,Устричный соус,Устричный соус — традиционное блюдо китайская кухни.,китайская
b6514436-c212-4ad8-b02b-a09e3baec510,Суп из морских гребешков,Суп из морских гребешков — традиционное блюдо китайская кухни.,китайская
c03fc8a9-bd29-40bf-920f-e22d3e2f1d46,Лапша с уткой,Лапша с уткой — традиционное блюдо китайская кухни.,китайская
9a3b863e-23bd-4bcc-85cc-024c51dff28a,Курица с грибами,Курица с грибами — традиционное блюдо китайская кухни.,китайская
76263bba-ca2f-4195-a528-e251dabc13bd,Свинина с черными грибами,Свинина с черными грибами — традиционное блюдо китайская кухни.,китайская
1e004ebf-c500-4975-9427-cc05df034eeb,Креветки с орехами,Креветки с орехами — традиционное блюдо китайская кухни.,китайская
4f6e33e2-4aea-4a19-8c56-7760b9e42407,Утка с медом,Утка с медом — традиционное блюдо китайская кухни.,китайская
47593432-3b13-47d1-8bad-1fab5443c658,Суп из змеи,Суп из змеи — традиционное блюдо китайская кухни.,китайская
ee3ffdf9-9d96-4841-a4d9-0f70f1d4c08e,Лапша с морепродуктами,Лапша с морепродуктами — традиционное блюдо китайская кухни.,китайская
1068a782-5cf8-461b-a51a-964cc6e50a1f,Курица с ананасом,Курица с ананасом — традиционное блюдо китайская кухни.,китайская
a852546d-1535-428f-a98c-880ba170e6c7,Свинина с бамбуком,Свинина с бамбуком — традиционное блюдо китайская кухни.,китайская
7ccf3dfd-6c46-4108-b65c-e1124dffb110,Креветки с имбирем,Креветки с имбирем — традиционное блюдо китайская кухни.,китайская
5f87668e-77c9-4fcb-8e3f-d4fd9d088c41,Утка с чаем,Утка с чаем — традиционное блюдо китайская кухни.,китайская
038d70ac-9d87-4d9d-9d5f-f21cdc8ca832,Круассан,Круассан — традиционное блюдо французская кухни.,французская
ba1a1947-bd4b-44d7-bf21-2a891672908b,Рататуй,Рататуй — традиционное блюдо французская кухни.,французская
ef430a89-eec1-4cb5-ab14-6c5fa3bcc914,Крем-брюле,Крем-брюле — традиционное блюдо французская кухни.,французская
6a1fa6dd-d229-464f-840e-47ea83f95d2d,Фуа-гра,Фуа-гра — традиционное блюдо французская кухни.,французская
1fa5d707-324e-480f-8e43-7eb1c4a63814,Луковый суп,Луковый суп — традиционное блюдо французская кухни.,французская
bb00337a-64ce-40a5-94fe-78c29661a9b2,Киш лорен,Киш лорен — традиционное блюдо французская кухни.,французская
5f60b0af-9ea9-4296-bb75-56829b3fdae9,Тарт Татен,Тарт Татен — традиционное блюдо французская кухни.,французская
7dc2b99a-9d68-4c7b-9523-38baec5dacde,Конфи,Конфи — традиционное блюдо французская кухни.,французская
189dbc26-f09f-40c0-89ac-a114c61cff9a,Бёф бургиньон,Бёф бургиньон — традиционное блюдо французская кухни.,французская
fcb4aabe-1b87-4b92-9590-a70b015fce04,Багет,Багет — традиционное блюдо французская кухни.,французская
a2daeb04-366b-44bb-83b9-a613b40c6d17,Макаруны,Макаруны — традиционное блюдо французская кухни.,французская
91753d03-9311-4439-9d13-8c6da8440b5a,Букет гарни,Букет гарни — традиционное блюдо французская кухни.,французская
fb5808df-b0cf-4121-bcd5-e79712b8a29d,Соте из овощей,Соте из овощей — традиционное блюдо французская кухни.,французская
e23cb60c-3e6c-46f1-85cb-14c63e04ce5f,Трюфели,Трюфели — традиционное блюдо французская кухни.,французская
7489493b-cb7e-4ac6-87c6-360d1045c808,Каннели,Каннели — традиционное блюдо французская кухни.,французская
813727da-adda-4fcb-b437-488f764c9a91,Петух в вине,Петух в вине — традиционное блюдо французская кухни.,французская
1ecdbb40-3f40-441d-8d7d-5f2fdf50afdc,Салат Нисуаз,Салат Нисуаз — традиционное блюдо французская кухни.,французская
2095b2dd-458d-4730-8643-eddeb283fa70,Гратен Дофинуа,Гратен Дофинуа — традиционное блюдо французская кухни.,французская
23dc31be-8a3a-474a-a6a6-dadca99fc573,Кассуле,Кассуле — традиционное блюдо французская кухни.,французская
73311569-11ab-476a-9fea-8b76c56920a7,Провансальские травы,Провансальские травы — традиционное блюдо французская кухни.,французская
bd14d343-b926-457f-bb8e-6e09047ed8a6,Крем-фреш,Крем-фреш — традиционное блюдо французская кухни.,французская
1287e174-9a2f-478a-9c2d-b595870944a5,Тарт фламбе,Тарт фламбе — традиционное блюдо французская кухни.,французская
62bbe957-d7aa-4f96-aa8d-324372604328,Фрикассе,Фрикассе — традиционное блюдо французская кухни.,французская
581fd9aa-dc0c-4cd7-a219-4efd3b4fa36f,Галантин,Галантин — традиционное блюдо французская кухни.,французская
00f975c7-18f6-4c2c-bbd0-fb3c30daa5e3,Конфи из утки,Конфи из утки — традиционное блюдо французская кухни.,французская
2954b476-9643-486e-860c-5ab73aaf96f2,Суп Вишисуаз,Суп Вишисуаз — традиционное блюдо французская кухни.,французская
deae7a94-b804-4f4e-9109-54ca9abe54b7,Трюфельное масло,Трюфельное масло — традиционное блюдо французская кухни.,французская
f1758cfb-bb18-4dca-b752-80a00b891f5d,Фаршированная капуста,Фаршированная капуста — традиционное блюдо французская кухни.,французская
d723caa8-c346-42d9-9839-7793d7fd88fe,Грибы в сливочном соусе,Грибы в сливочном соусе — традиционное блюдо французская кухни.,французская
a8308772-463d-4e4a-8151-3dcdd29cf83f,Утиная грудка,Утиная грудка — традиционное блюдо французская кухни.,французская
d033ce43-3d41-4615-a750-5e09df7bbcca,Сырное фондю,Сырное фондю — традиционное блюдо французская кухни.,французская
a4564476-1546-4db3-9870-fc0d732de059,Лягушачьи лапки,Лягушачьи лапки — традиционное блюдо французская кухни.,французская
3f567e5b-f25f-4f62-af03-d276a3d7ca2a,Улитки по-бургундски,Улитки по-бургундски — традиционное блюдо французская кухни.,французская
830dcebe-d18b-4645-9c21-2f15af5b3c26,Террин,Террин — традиционное блюдо французская кухни.,французская
1783a4cc-d098-4109-a39d-d52a7e5df576,Фаршированные перцы,Фаршированные перцы — традиционное блюдо французская кухни.,французская
c86fa247-ae0b-4fe6-a5e5-b566646321db,Суп из морепродуктов,Суп из морепродуктов — традиционное блюдо французская кухни.,французская
d651b5d3-897f-411e-be98-3dfda5b6b3b9,Говядина по-бургундски,Говядина по-бургундски — традиционное блюдо французская кухни.,французская
ca8abbfd-e1b3-48c8-9f35-2cd6eabdaea2,Салат Лионез,Салат Лионез — традиционное блюдо французская кухни.,французская
40651149-62ff-4ff6-8a9e-9b84d16ad578,Тарт с луком,Тарт с луком — традиционное блюдо французская кухни.,французская
202f8e59-2c72-49f1-b597-0d494ff17a78,Фрикадельки,Фрикадельки — традиционное блюдо французская кухни.,французская
12ac9832-60cd-4b58-8906-692548f9511b,Кимчи,Кимчи — традиционное блюдо корейская кухни.,корейская
c8d1284a-68e5-4291-840a-5757969baf4b,Бибимбап,Бибимбап — традиционное блюдо корейская кухни.,корейская
9cfb58e1-9d90-45ba-b6d9-c85b70292867,Ттокпокки,Ттокпокки — традиционное блюдо корейская кухни.,корейская
c4617efb-3f06-4b44-950d-90c70d1d066a,Самгёпсаль,Самгёпсаль — традиционное блюдо корейская кухни.,корейская
9eddce13-6532-4b13-ac86-05c37ad851cc,Чимек,Чимек — традиционное блюдо корейская кухни.,корейская
3fda5082-4555-4e9d-a76d-38318f12cae3,Кимбап,Кимбап — традиционное блюдо корейская кухни.,корейская
89f73874-8801-4cee-93f2-b14721974ace,Сундубу чиге,Сундубу чиге — традиционное блюдо корейская кухни.,корейская
a245a5a2-6a15-4c61-9a50-645047534932,Галбитан,Галбитан — традиционное блюдо корейская кухни.,корейская
99198ad0-81fb-4f62-aa18-cc0f32102630,Хве,Хве — традиционное блюдо корейская кухни.,корейская
913a9c0c-1a6a-4ce7-a234-0ca117de97f8,Пулькоги,Пулькоги — традиционное блюдо корейская кухни.,корейская
4f6baf54-1f45-44b1-9559-a2d940dcc2ec,Чонголь,Чонголь — традиционное блюдо корейская кухни.,корейская
0d2891db-3700-4879-85fe-a134df9e2c31,Чеджудо,Чеджудо — традиционное блюдо корейская кухни.,корейская
60966d2e-bfb7-436f-aca1-7a1b663fc019,Ханчжонщик,Ханчжонщик — традиционное блюдо корейская кухни.,корейская
0019f4e2-0832-411d-a569-f52fa1a3755d,Кальби,Кальби — традиционное блюдо корейская кухни.,корейская
8f93b1bd-7395-422e-b214-100434c591c4,Самгетан,Самгетан — традиционное блюдо корейская кухни.,корейская
8b2e874e-22a2-4a2d-a92d-82b8ed86a532,Твенджан чиге,Твенджан чиге — традиционное блюдо корейская кухни.,корейская
586a2596-3802-4018-b5d7-21b58b936887,Манду,Манду — традиционное блюдо корейская кухни.,корейская
5933a995-c165-4305-bc85-f5f01121849a,Хотток,Хотток — традиционное блюдо корейская кухни.,корейская
7b0b9836-ab86-4084-a30d-08246eaae518,Яксик,Яксик — традиционное блюдо корейская кухни.,корейская
fce0e758-475c-4ac2-8142-759b17ae96e9,Пиндаетток,Пиндаетток — традиционное блюдо корейская кухни.,корейская
17069722-cf96-4321-9e61-ea997ca372b2,Кимчи чиге,Кимчи чиге — традиционное блюдо корейская кухни.,корейская
4baf5cfc-af48-4662-8560-e4ddd6879ce0,Чук,Чук — традиционное блюдо корейская кухни.,корейская
8d54bec4-f5be-43e3-b47a-ed03bbae9d53,Кальгуксу,Кальгуксу — традиционное блюдо корейская кухни.,корейская
21000658-004a-4ac5-aa72-e0a4bd663985,Муль нэнмен,Муль нэнмен — традиционное блюдо корейская кухни.,корейская
94db24f5-f4fa-4afa-b8de-82aed1c38611,Конгуксу,Конгуксу — традиционное блюдо корейская кухни.,корейская
b5bb67ed-96fa-475d-9e7a-a38b7468b7d0,Чикен тан,Чикен тан — традиционное блюдо корейская кухни.,корейская
bb503103-ae90-45a4-9d9d-669af6b89e79,Сундубу,Сундубу — традиционное блюдо корейская кухни.,корейская
1f893f7e-34e7-4ce3-a11e-1aa72eac7c25,Кимчи боккемпап,Кимчи боккемпап — традиционное блюдо корейская кухни.,корейская
e9fe7de5-2755-4e74-81e6-9f5135ceafa7,Хамультан,Хамультан — традиционное блюдо корейская кухни.,корейская
b587949f-d6f0-44de-83a3-160446972ad3,Чогальби,Чогальби — традиционное блюдо корейская кухни.,корейская
49e41c9c-c5ce-4dc9-8d3c-e4855e9ffebc,Самгёпсаль,Самгёпсаль — традиционное блюдо корейская кухни.,корейская
d65a0de4-d875-410a-ac98-fd91cb0b3f24,Кальбичим,Кальбичим — традиционное блюдо корейская кухни.,корейская
1e6c00ab-f35b-4398-a9ce-d7cec66a3409,Твенджан,Твенджан — традиционное блюдо корейская кухни.,корейская
0f9d3b59-d9ee-4a13-b9ec-2040c8b648a8,Кимчи джин,Кимчи джин — традиционное блюдо корейская кухни.,корейская
703d1d1b-5ecb-43ec-837f-3ec69f168240,Сундубу джигае,Сундубу джигае — традиционное блюдо корейская кухни.,корейская
900b417d-7adf-444e-9684-5b8dc19f27db,Кимчи манду,Кимчи манду — традиционное блюдо корейская кухни.,корейская
2d9e7e72-20d5-4952-8ad3-40479dfd745f,Хве дуппап,Хве дуппап — традиционное блюдо корейская кухни.,корейская
09fb255e-de16-4faa-88b7-8aaaa65f5f4c,Пулькоги джим,Пулькоги джим — традиционное блюдо корейская кухни.,корейская
ec69b6bc-a488-432c-abaf-2dbb1c353a10,Чонголь,Чонголь — традиционное блюдо корейская кухни.,корейская
4b923ab7-0ca8-4e62-a90e-c05d1c293f4a,Кальбитан,Кальбитан — традиционное блюдо корейская кухни.,корейская
0f2d9099-55b9-4187-9b2e-d57303ea4599,Бургер,Бургер — традиционное блюдо американская кухни.,американская
38de941e-585c-438f-a22d-73faf3d3657e,Хот-дог,Хот-дог — традиционное блюдо американская кухни.,американская
ddfa2eda-91dd-4905-94b8-46220f374e63,Барбекю,Барбекю — традиционное блюдо американская кухни.,американская
8ef880eb-74e3-41f7-9980-a8d12a04869d,Стейк,Стейк — традиционное блюдо американская кухни.,американская
7c1a3a70-a3bb-4b72-bc49-252b666d5769,Яблочный пирог,Яблочный пирог — традиционное блюдо американская кухни.,американская
91657dd2-6f5b-4d94-8a99-c9a5a93eb4a5,Маффин,Маффин — традиционное блюдо американская кухни.,американская
ff1b6561-6646-47cd-8e8d-0a9c96cb69b3,Куриные крылышки,Куриные крылышки — традиционное блюдо американская кухни.,американская
b8d04482-4add-46f9-ad37-649239263af8,Панкейки,Панкейки — традиционное блюдо американская кухни.,американская
db2446b6-6775-4cf2-986c-9cfc9e599ead,Чизкейк,Чизкейк — традиционное блюдо американская кухни.,американская
08a468b7-4688-4bea-8ad2-6633cac1afbf,Картофель фри,Картофель фри — традиционное блюдо американская кухни.,американская
2147ed38-99f0-4423-916b-ec8c750280f5,Клаб-сэндвич,Клаб-сэндвич — традиционное блюдо американская кухни.,американская
f1efe57a-f357-47ea-82a7-054e16a59382,Лобстер,Лобстер — традиционное блюдо американская кухни.,американская
15036bb8-326b-4360-b444-c1454958a3fe,Кукуруза в початках,Кукуруза в початках — традиционное блюдо американская кухни.,американская
42e3aa90-a6d9-4887-84dd-9c328cb2fbf0,Чили кон карне,Чили кон карне — традиционное блюдо американская кухни.,американская
86e5ca24-8af8-4876-8f04-345692dcdd82,Брауни,Брауни — традиционное блюдо американская кухни.,американская
4bc33023-8da6-45fb-89c7-75a7a248ccec,Блины,Блины — традиционное блюдо американская кухни.,американская
6f27c765-9e6d-42db-aae5-8f894adc587d,Фрикадельки,Фрикадельки — традиционное блюдо американская кухни.,американская
e111ee9e-e6a5-48ba-bc5d-7c85f7d3df70,Мясной рулет,Мясной рулет — традиционное блюдо американская кухни.,американская
457d115f-0c1d-4125-9e88-c1ee220ef716,Тыквенный пирог,Тыквенный пирог — традиционное блюдо американская кухни.,американская
ce737ec9-cb64-43de-9964-9f23e4e3cc51,Печенье,Печенье — традиционное блюдо американская кухни.,американская
f7fddf05-df98-4fe0-8561-eee4d731ad8f,Бутерброд с арахисовым маслом,Бутерброд с арахисовым маслом — традиционное блюдо американская кухни.,американская
15a01684-1878-4fa7-b550-8959d8e05551,Жареная курица,Жареная курица — традиционное блюдо американская кухни.,американская
102f933e-4b32-4372-a74d-1f98c2a92938,Картофельный салат,Картофельный салат — традиционное блюдо американская кухни.,американская
8b7bdc7d-91eb-43c2-8bfa-0cdd26133942,Кукурузный хлеб,Кукурузный хлеб — традиционное блюдо американская кухни.,американская
3a2ac347-fd8f-4433-aadc-5b166552e3b5,Бостонский кремовый пирог,Бостонский кремовый пирог — традиционное блюдо американская кухни.,американская
bc89911c-b072-4032-8f81-30a668b75b2d,Крабовые котлеты,Крабовые котлеты — традиционное блюдо американская кухни.,американская
53dabfc7-1a8e-4fba-90c6-7c6792688690,Жареные зеленые помидоры,Жареные зеленые помидоры — традиционное блюдо американская кухни.,американская
6987d062-42c2-4e09-b2c7-e4851892ad8e,Пирог с орехами пекан,Пирог с орехами пекан — традиционное блюдо американская кухни.,американская
f0502862-af23-4c2e-9afd-b18999359494,Кленовый сироп,Кленовый сироп — традиционное блюдо американская кухни.,американская
605af027-aea0-4b39-9509-225ebe37e4cb,Бисквит,Бисквит — традиционное блюдо американская кухни.,американская
4c40ea96-89a1-46fc-ae52-9e744a9ea903,Кукурузные доги,Кукурузные доги — традиционное блюдо американская кухни.,американская
11d23d70-0b62-4d48-bebe-473c7c04b08d,Жареный сыр,Жареный сыр — традиционное блюдо американская кухни.,американская
34a7c073-ebc4-4321-a490-96b9f5d375c5,Куриный пармезан,Куриный пармезан — традиционное блюдо американская кухни.,американская
80d5784a-ab41-4ec0-a52d-0f59c3d60845,Лосось на гриле,Лосось на гриле — традиционное блюдо американская кухни.,американская
3f59d528-8b22-48e3-a2b0-8cbaa11b2cd5,Картофельные чипсы,Картофельные чипсы — традиционное блюдо американская кухни.,американская
1fdc23c7-bd51-4259-9280-de487e9cda5d,Шоколадный торт,Шоколадный торт — традиционное блюдо американская кухни.,американская
16120bae-666d-4b27-be99-0ae8fd43f3f9,Ванильное мороженое,Ванильное мороженое — традиционное блюдо американская кухни.,американская
12bdb1bc-8882-4116-aeac-8f7f177858b9,Карамельное яблоко,Карамельное яблоко — традиционное блюдо американская кухни.,американская
0cebf3e7-1088-4934-b4d2-557017d4907a,Куриный суп,Куриный суп — традиционное блюдо американская кухни.,американская
134154b2-36ff-41b4-a881-5232e826e8be,Булочки с корицей,Булочки с корицей — традиционное блюдо американская кухни.,американская
58ccff62-4ba8-4ed6-af20-0f811a39e0d0,Тако,Тако — традиционное блюдо мексиканская кухни.,мексиканская
82d94499-91c8-4d3e-836b-9ed6047d37e1,Буррито,Буррито — традиционное блюдо мексиканская кухни.,мексиканская
9b9d1706-2d22-40e4-ab7c-b034298086c2,Начос,Начос — традиционное блюдо мексиканская кухни.,мексиканская
11ca99b5-7b9e-4929-bf8e-c2309c53010f,Кесадилья,Кесадилья — традиционное блюдо мексиканская кухни.,мексиканская
34ba3e0e-d58e-4189-a2ba-1e509d118db2,Гуакамоле,Гуакамоле — традиционное блюдо мексиканская кухни.,мексиканская
a7394901-4103-4887-a8e4-be9777705157,Фахитас,Фахитас — традиционное блюдо мексиканская кухни.,мексиканская
2b929805-1ee9-4ab2-828e-da80652cca08,Энчилада,Энчилада — традиционное блюдо мексиканская кухни.,мексиканская
cfb60d20-da9f-43ba-b802-7e1708dd0606,Молле поблано,Молле поблано — традиционное блюдо мексиканская кухни.,мексиканская
5ae0debd-96ef-49c1-8de6-8475cbb90b6e,Чили кон кесо,Чили кон кесо — традиционное блюдо мексиканская кухни.,мексиканская
a0e832d6-3685-4f92-93b7-ffae41f699e0,Карнитас,Карнитас — традиционное блюдо мексиканская кухни.,мексиканская
d4fad262-7e24-4760-995f-af82615c71e4,Тортилья,Тортилья — традиционное блюдо мексиканская кухни.,мексиканская
b49cc9d6-7919-4359-971f-c38de871dec6,Тамале,Тамале — традиционное блюдо мексиканская кухни.,мексиканская
89de72e7-8d8e-4383-a788-607b2983ee43,Позоле,Позоле — традиционное блюдо мексиканская кухни.,мексиканская
f5bc063b-5f99-4181-8889-a5a49856b271,Сальса,Сальса — традиционное блюдо мексиканская кухни.,мексиканская
26e438d7-eecd-49a2-a09c-d6ca258a1f72,Чилакилес,Чилакилес — традиционное блюдо мексиканская кухни.,мексиканская
2df00fc1-7072-4b82-9b18-255d711ca871,Сопа де лима,Сопа де лима — традиционное блюдо мексиканская кухни.,мексиканская
628fe69c-cae5-4d9f-af42-d0a126ab6ace,Флан,Флан — традиционное блюдо мексиканская кухни.,мексиканская
e1d4f7c8-3632-4829-a1d4-1085d947472f,Чуррос,Чуррос — традиционное блюдо мексиканская кухни.,мексиканская
575dbfc6-4e17-4cb6-a555-73f4732a133c,Маргарита,Маргарита — традиционное блюдо мексиканская кухни.,мексиканская
bc16064a-4024-46b6-8259-025d669a8166,Пико де галло,Пико де галло — традиционное блюдо мексиканская кухни.,мексиканская
2ba8d93b-1329-4256-af00-dc3696894b09,Агуачиле,Агуачиле — традиционное блюдо мексиканская кухни.,мексиканская
ddba57df-0a9b-4dc7-a32f-522728a0fd95,Севиче,Севиче — традиционное блюдо мексиканская кухни.,мексиканская
6bed089e-7f5e-4253-8fba-d7a1185d5e95,Моле,Моле — традиционное блюдо мексиканская кухни.,мексиканская
16a9f660-abc7-4d7d-804a-7b302d350f39,Биррия,Биррия — традиционное блюдо мексиканская кухни.,мексиканская
73f246e3-1e95-4ae2-87a7-ceadd9808f3c,Тостада,Тостада — традиционное блюдо мексиканская кухни.,мексиканская
f9720d2d-f2ca-4e47-8e07-9f8a32bed915,Гордита,Гордита — традиционное блюдо мексиканская кухни.,мексиканская
9bf27699-598a-454d-9b73-0604e50d7e16,Халапеньо,Халапеньо — традиционное блюдо мексиканская кухни.,мексиканская
99fca155-ba79-4ac7-90da-5e9bec7dec71,Чимичанга,Чимичанга — традиционное блюдо мексиканская кухни.,мексиканская
b6153b8e-9f09-4a09-a2e6-c56fda68f410,Текила,Текила — традиционное блюдо мексиканская кухни.,мексиканская
7b4f20a5-9531-4e74-beb7-ac0693099e5f,Мескаль,Мескаль — традиционное блюдо мексиканская кухни.,мексиканская
4de971f0-4880-4d6c-94cd-b38a9cb93ed4,Орчата,Орчата — традиционное блюдо мексиканская кухни.,мексиканская
6fbeb8e5-45e2-41ef-8918-45e4ffdae423,Атоле,Атоле — традиционное блюдо мексиканская кухни.,мексиканская
ef054061-7322-4d2d-be3f-3f16e9e5d659,Трес лечес,Трес лечес — традиционное блюдо мексиканская кухни.,мексиканская
24411ec9-1ff7-4b01-a4d8-d0d865e302af,Аррос кон лече,Аррос кон лече — традиционное блюдо мексиканская кухни.,мексиканская
251b0391-f443-4aac-a07a-ae8cf3d19b87,Кафе де олья,Кафе де олья — традиционное блюдо мексиканская кухни.,мексиканская
371f4f2c-6673-4f39-a51b-4489da0f6c57,Чонгос,Чонгос — традиционное блюдо мексиканская кухни.,мексиканская
e5e47d5b-53ff-4679-a751-ad2b3fafa190,Бунуэлос,Бунуэлос — традиционное блюдо мексиканская кухни.,мексиканская
e0e3c9a5-754b-40e3-8e14-5f88ac2178df,Капиротада,Капиротада — традиционное блюдо мексиканская кухни.,мексиканская
5c437766-9a9f-404c-87c5-5a76653480f5,Пан дульсе,Пан дульсе — традиционное блюдо мексиканская кухни.,мексиканская
f054bc4c-d481-4f00-9043-8204000ede9d,Эмпанадас,Эмпанадас — традиционное блюдо мексиканская кухни.,мексиканская
0b9a0fb3-d2ee-4c43-a01d-aa80d57c97c9,Плов,Плов — традиционное блюдо узбекская кухни.,узбекская
3d38ecdd-135e-4a51-bed8-de764711a2ec,Самса,Самса — традиционное блюдо узбекская кухни.,узбекская
10ede117-ee7f-4798-9d64-c7eff90f4446,Манты,Манты — традиционное блюдо узбекская кухни.,узбекская
d728582f-36bf-4fd5-9b2a-dc7bc8b877fc,Лагман,Лагман — традиционное блюдо узбекская кухни.,узбекская
c28efa06-c499-4d23-8595-c279be618ae6,Шурпа,Шурпа — традиционное блюдо узбекская кухни.,узбекская
b85ecc84-e64d-4346-93d8-f268836fa284,Казан-кабоб,Казан-кабоб — традиционное блюдо узбекская кухни.,узбекская
d022d92d-46de-4225-ade2-c9c60296566c,Мастава,Мастава — традиционное блюдо узбекская кухни.,узбекская
cbc0e603-93d1-4860-ba85-2f8f1ffb4f8f,Чучвара,Чучвара — традиционное блюдо узбекская кухни.,узбекская
a7fb321d-76bc-4314-b1e5-242240802c57,Димлама,Димлама — традиционное блюдо узбекская кухни.,узбекская
f19db16f-6cba-4b58-aeab-624994b2e53f,Бешбармак,Бешбармак — традиционное блюдо узбекская кухни.,узбекская
3782ad91-50ee-4761-a151-758451f66195,Кутаб,Кутаб — традиционное блюдо узбекская кухни.,узбекская
74ff57d9-b1f1-4dff-9784-560291346d3a,Ханум,Ханум — традиционное блюдо узбекская кухни.,узбекская
8f4bd26f-bfe4-4c71-9ff3-b68ec02516a7,Шашлык,Шашлык — традиционное блюдо узбекская кухни.,узбекская
33120982-1981-43db-8d6a-bb67a85ee583,Норин,Норин — традиционное блюдо узбекская кухни.,узбекская
dccf63f5-13e5-4118-8edc-60b96a27dcd8,Мошубиринч,Мошубиринч — традиционное блюдо узбекская кухни.,узбекская
616e7415-753d-4bec-af1b-a349b75b41a3,Халим,Халим — традиционное блюдо узбекская кухни.,узбекская
bb2ed140-65ed-4977-a692-9891ff6f80fa,Катырма,Катырма — традиционное блюдо узбекская кухни.,узбекская
f01bd2b9-ffcf-4316-9940-85871c36d388,Гужма,Гужма — традиционное блюдо узбекская кухни.,узбекская
b0149b58-cd86-496b-97ea-bab5284acd08,Сомса,Сомса — традиционное блюдо узбекская кухни.,узбекская
c054959b-de6e-49ed-a3fc-3f9bcce3e0f3,Балик,Балик — традиционное блюдо узбекская кухни.,узбекская
3a2e9e83-1c44-4742-8d79-95ec93793d46,Ковурма,Ковурма — традиционное блюдо узбекская кухни.,узбекская
9f27ec46-bf82-41fb-b80c-8bf665dddcc3,Тухум-барак,Тухум-барак — традиционное блюдо узбекская кухни.,узбекская
2ad7148a-630b-4f29-ba63-a7edd4c9f339,Чак-чак,Чак-чак — традиционное блюдо узбекская кухни.,узбекская
c65d0c8d-07cf-4e72-a3dd-060c1d8ea136,Халва,Халва — традиционное блюдо узбекская кухни.,узбекская
aba7cf03-04f0-4ec7-8111-ee6a9a285219,Нон,Нон — традиционное блюдо узбекская кухни.,узбекская
2a701192-2908-4d33-ac30-36ce95daae3c,Катлама,Катлама — традиционное блюдо узбекская кухни.,узбекская
060d671a-2fd2-4d3a-ab27-4229f5167972,Богирсок,Богирсок — традиционное блюдо узбекская кухни.,узбекская
366efc5b-b0b7-4814-9346-594b14232149,Ширгуруч,Ширгуруч — традиционное блюдо узбекская кухни.,узбекская
6c9a0de7-1423-4000-b2fd-c7c4272cd3d9,Манпар,Манпар — традиционное блюдо узбекская кухни.,узбекская
ffd12a5d-6ce5-43d4-8cea-35e662d2245a,Куймак,Куймак — традиционное блюдо узбекская кухни.,узбекская
5617b9ce-9c89-46a8-9dec-3664808be7f1,Тухум-барак,Тухум-барак — традиционное блюдо узбекская кухни.,узбекская
fcc78888-6407-4184-8033-8d934b00236f,Чак-чак,Чак-чак — традиционное блюдо узбекская кухни.,узбекская
161cc38e-8456-4988-9845-9eea56806abe,Халва,Халва — традиционное блюдо узбекская кухни.,узбекская
73265632-e6d3-4805-9e5a-c16a862039f6,Нон,Нон — традиционное блюдо узбекская кухни.,узбекская
61f4d89b-f81a-4a16-ad2f-a48e87517bb4,Катлама,Катлама — традиционное блюдо узбекская кухни.,узбекская
63afc6b5-78c4-4ec5-92a7-62d7dd5fd301,Богирсок,Богирсок — традиционное блюдо узбекская кухни.,узбекская
323e1e7b-8416-4f67-b5e1-d762a24071b1,Ширгуруч,Ширгуруч — традиционное блюдо узбекская кухни.,узбекская
745e2f29-bd34-4304-948f-d069b7664996,Манпар,Манпар — традиционное блюдо узбекская кухни.,узбекская
36ffa3f3-91c0-471b-8ea7-8b4f88e0f266,Куймак,Куймак — традиционное блюдо узбекская кухни.,узбекская
7dd47576-7ab6-405a-b993-1a63f4249678,Тухум-барак,Тухум-барак — традиционное блюдо узбекская кухни.,узбекская
0ca7c04a-a11f-4680-b35a-d10b42a7b7fa,Хумус,Хумус — традиционное блюдо арабская кухни.,арабская
6f97cb9d-fb27-4775-860e-ef6c1140eb6b,Фалафель,Фалафель — традиционное блюдо арабская кухни.,арабская
41402da9-c9d7-4570-afad-cf86e902dac6,Шаурма,Шаурма — традиционное блюдо арабская кухни.,арабская
8156ecd0-9b50-484f-b6ad-302ce62884dc,Табуле,Табуле — традиционное блюдо арабская кухни.,арабская
c9aa874d-552e-464a-a0c1-7e69552c9676,Муттабаль,Муттабаль — традиционное блюдо арабская кухни.,арабская
81e41a5d-4b6b-4ec3-b5d6-881d588e82f0,Кеббе,Кеббе — традиционное блюдо арабская кухни.,арабская
5546acb9-b414-469d-9988-4da0613c7f11,Маамуль,Маамуль — традиционное блюдо арабская кухни.,арабская
53f9b0c8-5bec-49c3-9077-8d409bd7ca6a,Мансaф,Мансaф — традиционное блюдо арабская кухни.,арабская
c8b54148-003d-4539-b40d-c2d1ceee9a71,Фаттуш,Фаттуш — традиционное блюдо арабская кухни.,арабская
eb3b5a8a-3399-4b10-b9aa-3f2664ebdc3f,Кунафа,Кунафа — традиционное блюдо арабская кухни.,арабская
e0d73a90-7493-4684-9417-4ae045848ab0,Маклубе,Маклубе — традиционное блюдо арабская кухни.,арабская
05e496ad-ed33-4fef-96e0-7b00757eafb8,Умм Али,Умм Али — традиционное блюдо арабская кухни.,арабская
4bc48462-f71a-4188-af6f-e813b8706c79,Шиш таук,Шиш таук — традиционное блюдо арабская кухни.,арабская
c82903bd-47df-4827-b61f-04d752efb0e4,Лахам би аджин,Лахам би аджин — традиционное блюдо арабская кухни.,арабская
4bef39a3-eb7d-44d7-9cd6-1c8d33abd706,Сабич,Сабич — традиционное блюдо арабская кухни.,арабская
d3d9e301-c143-487f-8688-b8d20f151bcd,Джахнун,Джахнун — традиционное блюдо арабская кухни.,арабская
0373081c-cb8a-43d4-bb60-d9e72efaecf7,Млухия,Млухия — традиционное блюдо арабская кухни.,арабская
d7ff7a86-4267-4949-bb43-d6a63a0575d7,Баба гануш,Баба гануш — традиционное блюдо арабская кухни.,арабская
47b034a2-509b-4fd8-a9a6-7548376fdb9f,Харис,Харис — традиционное блюдо арабская кухни.,арабская
6f4add53-226b-4cfe-84a5-0b1a682ef4b3,Макси,Макси — традиционное блюдо арабская кухни.,арабская
4bb80c91-47e0-4c33-bc5a-73b4a66545f1,Фатех,Фатех — традиционное блюдо арабская кухни.,арабская
234cc04a-5f44-45c5-8415-ee3020d51619,Киббе,Киббе — традиционное блюдо арабская кухни.,арабская
0df4255d-5f6f-4960-8510-cf6103415e63,Мусахан,Мусахан — традиционное блюдо арабская кухни.,арабская
510b2031-18ad-4c76-b6d3-71b75d44f191,Канафе,Канафе — традиционное блюдо арабская кухни.,арабская
104f03db-ca3b-454d-b1a3-641e28102aab,Харисса,Харисса — традиционное блюдо арабская кухни.,арабская
86dea35f-7c6e-40db-b524-5976058b9877,Шакшука,Шакшука — традиционное блюдо арабская кухни.,арабская
90a0c3db-1f6c-434f-bc6f-1069479e31e3,Менемен,Менемен — традиционное блюдо арабская кухни.,арабская
8083935b-c52e-4bcc-b645-86dfdbd5271c,Бамия,Бамия — традиционное блюдо арабская кухни.,арабская
512126e5-55d4-4566-8957-f76ef8baf12d,Фуль,Фуль — традиционное блюдо арабская кухни.,арабская
014bb827-1dff-4c99-bcbb-614d481cf890,Тахини,Тахини — традиционное блюдо арабская кухни.,арабская
5eb18499-3138-43db-b17b-a0a15111379c,Лабане,Лабане — традиционное блюдо арабская кухни.,арабская
878cfbdf-a2d5-4689-8e65-c4fc94b4157c,Джаджик,Джаджик — традиционное блюдо арабская кухни.,арабская
60c98d4f-30ca-47f8-80b6-b47700b6ea3b,Шиш барак,Шиш барак — традиционное блюдо арабская кухни.,арабская
96b37f31-4490-4892-bd8c-95aa94b0fc8d,Киббе найе,Киббе найе — традиционное блюдо арабская кухни.,арабская
b717fa5e-6146-4b92-8f2b-b7d4cda61a80,Макдус,Макдус — традиционное блюдо арабская кухни.,арабская
c608222e-48e9-45d6-ac0e-c696d9db0fa6,Харис,Харис — традиционное блюдо арабская кухни.,арабская
1e81598e-c69e-4e66-9558-119228a55cd2,Фатех,Фатех — традиционное блюдо арабская кухни.,арабская
ce4fe533-0543-4b50-9727-84e960c0198d,Киббе,Киббе — традиционное блюдо арабская кухни.,арабская
23ddc6fc-6d7e-47ad-a9ed-a7e05c069e40,Мусахан,Мусахан — традиционное блюдо арабская кухни.,арабская
ee18e624-e952-4658-a0f1-762ab70fe1a5,Канафе,Канафе — традиционное блюдо арабская кухни.,арабская
ca8a2834-009a-40b1-b962-72f9c4b1560d,Кебаб,Кебаб — традиционное блюдо турецкая кухни.,турецкая
1200b154-bdd6-44ee-b488-b198fd34ca06,Менемен,Менемен — традиционное блюдо турецкая кухни.,турецкая
fa8da2b3-96c8-474b-8ffd-ce9725955031,Дёнер,Дёнер — традиционное блюдо турецкая кухни.,турецкая
1c89c02e-5415-4347-a4c7-7f635bcdd5b2,Баклава,Баклава — традиционное блюдо турецкая кухни.,турецкая
e256738c-1367-4050-8261-ce92485954c1,Пиде,Пиде — традиционное блюдо турецкая кухни.,турецкая
5226aed1-61e8-46f7-a75d-1226694d2776,Лахмаджун,Лахмаджун — традиционное блюдо турецкая кухни.,турецкая
217831b7-c570-47de-8395-8d665fcf7303,Мусака,Мусака — традиционное блюдо турецкая кухни.,турецкая
e2b08441-ebd7-4dde-a49a-0f482c66b661,Кунефе,Кунефе — традиционное блюдо турецкая кухни.,турецкая
deab5fa6-fd3d-48cf-beed-e19a7edac419,Гёзлеме,Гёзлеме — традиционное блюдо турецкая кухни.,турецкая
e426f3f7-5c0f-4d90-a6cb-186b641eb749,Чи кёфте,Чи кёфте — традиционное блюдо турецкая кухни.,турецкая
c4b89dfb-d66e-4ba4-8bf9-5f88955baebc,Имам баялды,Имам баялды — традиционное блюдо турецкая кухни.,турецкая
f21f9b7b-5d3a-41bf-a96b-f9ea7ab56360,Ханум гёбеги,Ханум гёбеги — традиционное блюдо турецкая кухни.,турецкая
97c2faf9-7e57-4759-8890-65a4f33da5d7,Шиш кебаб,Шиш кебаб — традиционное блюдо турецкая кухни.,турецкая
a39670f7-2742-4cfb-a6b7-581c455ec0a7,Адана кебаб,Адана кебаб — традиционное блюдо турецкая кухни.,турецкая
3863a50f-abbb-419b-b84f-6960e579ec41,Искендер кебаб,Искендер кебаб — традиционное блюдо турецкая кухни.,турецкая
b8964097-bafa-42e2-bc1f-8a58dc7fe51e,Бёрек,Бёрек — традиционное блюдо турецкая кухни.,турецкая
81440fa3-cdbc-46fa-9150-eb77acfa48f2,Мерджимек чорбасы,Мерджимек чорбасы — традиционное блюдо турецкая кухни.,турецкая
ec77e664-6519-41f4-a423-ebc115d7da77,Эзогилин чорбасы,Эзогилин чорбасы — традиционное блюдо турецкая кухни.,турецкая
b47aef3f-d130-479c-a3b4-56675818c719,Тархана чорбасы,Тархана чорбасы — традиционное блюдо турецкая кухни.,турецкая
359a5a7b-ff76-457e-9bd8-ec9e98759d53,Йогурт чорбасы,Йогурт чорбасы — традиционное блюдо турецкая кухни.,турецкая
017654f7-83a7-4f92-a84d-9cbf8c6d256f,Хаш,Хаш — традиционное блюдо турецкая кухни.,турецкая
b5d9d9c8-b699-49d7-add6-8c3150ff5356,Кефта,Кефта — традиционное блюдо турецкая кухни.,турецкая
1665cb7c-b908-4ec1-adcb-bfd870b63edb,Долма,Долма — традиционное блюдо турецкая кухни.,турецкая
06b892e6-1c9b-43a7-a908-7f57f376a3d2,Сарма,Сарма — традиционное блюдо турецкая кухни.,турецкая
cc104fa3-a152-48d2-9270-6bb29ab05557,Пияз,Пияз — традиционное блюдо турецкая кухни.,турецкая
0e9e987c-89c3-47bc-8f95-3026d0fe7770,Ачма,Ачма — традиционное блюдо турецкая кухни.,турецкая
f25e498a-d3e0-4876-b4d2-b75f82a78d4c,Симит,Симит — традиционное блюдо турецкая кухни.,турецкая
d19f264e-58b7-484c-85e2-82c55426b005,Пиде,Пиде — традиционное блюдо турецкая кухни.,турецкая
2b7cd09c-2b85-44b9-b151-60f4c7a813a5,Лахмаджун,Лахмаджун — традиционное блюдо турецкая кухни.,турецкая
be398436-3c22-4e7e-ba56-6405c43ac2bb,Мусака,Мусака — традиционное блюдо турецкая кухни.,турецкая
35bee3a7-3465-4064-b78a-8da4dbdce004,Кунефе,Кунефе — традиционное блюдо турецкая кухни.,турецкая
43a4c26f-1532-4ed2-9e34-4e7982567a2c,Баклава,Баклава — традиционное блюдо турецкая кухни.,турецкая
4fe857b1-bb37-4c99-a49e-ac5b56d6cc9c,Гёзлеме,Гёзлеме — традиционное блюдо турецкая кухни.,турецкая
11f77777-cb30-4a9f-a3c2-c669d5147553,Чи кёфте,Чи кёфте — традиционное блюдо турецкая кухни.,турецкая
f4bf92ea-deb8-42f2-a4d3-2aaa5ce8a288,Имам баялды,Имам баялды — традиционное блюдо турецкая кухни.,турецкая
b73d8246-075d-4853-81f3-95fc352eda93,Ханум гёбеги,Ханум гёбеги — традиционное блюдо турецкая кухни.,турецкая
073016c9-a45d-49d0-b019-1b8c4d60f0d7,Шиш кебаб,Шиш кебаб — традиционное блюдо турецкая кухни.,турецкая
de5b247f-4c19-4cb9-8b35-52b7309c27f6,Адана кебаб,Адана кебаб — традиционное блюдо турецкая кухни.,турецкая
48741dfc-e2ba-4efa-8e89-38ec13c69f5a,Искендер кебаб,Искендер кебаб — традиционное блюдо турецкая кухни.,турецкая
89b9362c-f8e6-40b8-873d-017fb7c644c2,Бёрек,Бёрек — традиционное блюдо турецкая кухни.,турецкая
7bceab48-dce8-4671-951a-06efac87c537,Шницель,Шницель — традиционное блюдо немецкая кухни.,немецкая
98858072-f7ad-46aa-9f69-b9036b7f214a,Бретцель,Бретцель — традиционное блюдо немецкая кухни.,немецкая
f43b09f7-6e49-472f-a515-67ea29b5ccd0,Карривурст,Карривурст — традиционное блюдо немецкая кухни.,немецкая
ca154520-dc2b-4a9f-979c-03085cc9ab13,Колбаски,Колбаски — традиционное блюдо немецкая кухни.,немецкая
1a2aabb3-e9ca-4e52-befd-258521f73837,Шпецле,Шпецле — традиционное блюдо немецкая кухни.,немецкая
cc8dd2d2-5f92-4bf0-893c-472646027f67,Сауэркраут,Сауэркраут — традиционное блюдо немецкая кухни.,немецкая
1908d56a-5db4-450b-bda7-533ad3931ac3,Айсбайн,Айсбайн — традиционное блюдо немецкая кухни.,немецкая
e82ce794-1adf-4f0c-8c18-cd39f2e39b12,Пирог с яблоками,Пирог с яблоками — традиционное блюдо немецкая кухни.,немецкая
f46d963e-5299-41f9-ba9f-ba08bf9d3edf,Риндсролладен,Риндсролладен — традиционное блюдо немецкая кухни.,немецкая
3e91da1c-1d73-4981-b433-d3f41918636f,Кёнигсбергские клопсы,Кёнигсбергские клопсы — традиционное блюдо немецкая кухни.,немецкая
bb48db71-810f-4d48-b352-01a9d310f113,Шварцвальдский торт,Шварцвальдский торт — традиционное блюдо немецкая кухни.,немецкая
8d390b02-3cc9-40c0-a387-598421c20c7a,Брецель,Брецель — традиционное блюдо немецкая кухни.,немецкая
1a58d7c0-151a-4fd6-8bf0-50958a75100f,Леберкёзе,Леберкёзе — традиционное блюдо немецкая кухни.,немецкая
2c28fe41-8812-4368-9bab-8cee2f7b7857,Маульташен,Маульташен — традиционное блюдо немецкая кухни.,немецкая
2b1ae9b7-7378-4bee-84b3-13ac1aea9ab0,Шупфнудель,Шупфнудель — традиционное блюдо немецкая кухни.,немецкая
71f2d33f-4c5d-4710-a5b8-4912941d28b3,Каслер,Каслер — традиционное блюдо немецкая кухни.,немецкая
db773fb5-c9fb-4d79-a337-4f9dfc1d0f52,Хаш,Хаш — традиционное блюдо немецкая кухни.,немецкая
8015398d-86f6-4bce-ad9e-f64364f93642,Ростбратвурст,Ростбратвурст — традиционное блюдо немецкая кухни.,немецкая
386c84ce-b9c5-494c-ad1b-6a901f8ec33d,Картофельный салат,Картофельный салат — традиционное блюдо немецкая кухни.,немецкая
2efbecc2-64c9-4c0c-a439-919cdd21da9b,Бир,Бир — традиционное блюдо немецкая кухни.,немецкая
4bfcaffd-933c-4950-8ce2-08242f734285,Штоллен,Штоллен — традиционное блюдо немецкая кухни.,немецкая
c15c3d77-414b-46a4-9d62-8ca735858274,Франкфуртский венок,Франкфуртский венок — традиционное блюдо немецкая кухни.,немецкая
241d444f-a739-410f-ab7a-fb4780c67efc,Берлинер,Берлинер — традиционное блюдо немецкая кухни.,немецкая
8d8cdc01-9b7d-4f76-902c-aff9f7796d43,Пфаннкухен,Пфаннкухен — традиционное блюдо немецкая кухни.,немецкая
3fd3fd81-f7c5-447b-a64e-eb7f944ba886,Шварцвальдская ветчина,Шварцвальдская ветчина — традиционное блюдо немецкая кухни.,немецкая
ab90a6b8-0ab5-4854-8b46-6c9bb972c36f,Роте грютце,Роте грютце — традиционное блюдо немецкая кухни.,немецкая
376f4c15-caae-4e10-9eca-f6efc03b76ef,Апфельштрудель,Апфельштрудель — традиционное блюдо немецкая кухни.,немецкая
d13d3ad9-c12b-40df-b8e8-71f966b89a06,Кайзершмаррн,Кайзершмаррн — традиционное блюдо немецкая кухни.,немецкая
2a680268-ae89-4a74-a5c9-406ebebfd760,Марципан,Марципан — традиционное блюдо немецкая кухни.,немецкая
10f386d2-f10b-4f00-ba47-7a4c3f0631cd,Шпецле,Шпецле — традиционное блюдо немецкая кухни.,немецкая
16a2e067-4b68-4f9b-b90b-152742971049,Сауэркраут,Сауэркраут — традиционное блюдо немецкая кухни.,немецкая
dbaae393-ce80-4e1b-88a4-2571c6939193,Айсбайн,Айсбайн — традиционное блюдо немецкая кухни.,немецкая
33cac491-2c19-4be8-9032-82a8b2f89c83,Пирог с яблоками,Пирог с яблоками — традиционное блюдо немецкая кухни.,немецкая
d4390624-e7b4-4bfb-a477-44975126adab,Риндсролладен,Риндсролладен — традиционное блюдо немецкая кухни.,немецкая
146b2072-12ab-49c2-a4bc-75c7688b63b5,Кёнигсбергские клопсы,Кёнигсбергские клопсы — традиционное блюдо немецкая кухни.,немецкая
e1eb84b9-e470-46d3-b5c3-9c08766fe010,Шварцвальдский торт,Шварцвальдский торт — традиционное блюдо немецкая кухни.,немецкая
5f127bc5-bd20-4950-9460-cbb72c64162b,Брецель,Брецель — традиционное блюдо немецкая кухни.,немецкая
fac8339d-25f5-42c6-82c4-81c56664bc68,Леберкёзе,Леберкёзе — традиционное блюдо немецкая кухни.,немецкая
5411521d-1148-43d4-ac2b-3dd9624033f8,Маульташен,Маульташен — традиционное блюдо немецкая кухни.,немецкая
cbbbf4bd-1d90-4c14-96a1-bb5a12cdfdce,Шупфнудель,Шупфнудель — традиционное блюдо немецкая кухни.,немецкая
90eb505b-0f76-44d0-a7d0-b09b332018da,Борщ,Борщ — традиционное блюдо русская кухни.,русская
0b1102f0-44e5-4b4c-af91-8b42bb77b66a,Пельмени,Пельмени — традиционное блюдо русская кухни.,русская
683d32a7-5685-460e-bcd2-d4f0a960ab51,Блины,Блины — традиционное блюдо русская кухни.,русская
32ed2614-4e10-4558-8abb-69fbff778e08,Оливье,Оливье — традиционное блюдо русская кухни.,русская
fab57a9f-aa88-4e11-bb49-2e91668ef0bb,Щи,Щи — традиционное блюдо русская кухни.,русская
9c5fb9bb-37e7-4a80-977e-4afdd7ecfee6,Вареники,Вареники — традиционное блюдо русская кухни.,русская
1b4e4e15-80ac-49ed-8651-384e88df884f,Селедка под шубой,Селедка под шубой — традиционное блюдо русская кухни.,русская
0826cdd8-12df-4bb1-bac6-e85710b351c9,Кулебяка,Кулебяка — традиционное блюдо русская кухни.,русская
ef3dc1a2-1d5f-4085-85fe-0d82638c8ec6,Гречка с грибами,Гречка с грибами — традиционное блюдо русская кухни.,русская
23021c7e-bdde-4e43-82f7-c91b1b8dd668,Жаркое,Жаркое — традиционное блюдо русская кухни.,русская
c686a34a-ef77-42eb-b7b6-f58ffc4f7489,Холодец,Холодец — традиционное блюдо русская кухни.,русская
5d342e61-b746-4d97-877c-0642b16b9d0b,Солянка,Солянка — традиционное блюдо русская кухни.,русская
8547870c-1cbc-486d-9e98-3956fc55319f,Рассольник,Рассольник — традиционное блюдо русская кухни.,русская
3791e5fe-98a5-4c53-825f-a07c78f4b22e,Уха,Уха — традиционное блюдо русская кухни.,русская
e8d12539-4f1a-4be4-9e3e-6e058bc35f6e,Котлеты по-киевски,Котлеты по-киевски — традиционное блюдо русская кухни.,русская
71c091f8-d519-41e8-b76d-6b92950403a9,Бефстроганов,Бефстроганов — традиционное блюдо русская кухни.,русская
c8304fab-23fb-46b7-b769-09744784c180,Гурьевская каша,Гурьевская каша — традиционное блюдо русская кухни.,русская
b0f5bfa9-7a32-494d-9313-25c23681788c,Медовик,Медовик — традиционное блюдо русская кухни.,русская
f399f0d0-88b5-479d-8155-6530df6f57f2,Сырники,Сырники — традиционное блюдо русская кухни.,русская
1f4f643c-3a07-44d4-9ea5-480ea4aed950,Пирожки,Пирожки — традиционное блюдо русская кухни.,русская
e2259d48-4bc4-464f-b06e-6b2ca1157b38,Квас,Квас — традиционное блюдо русская кухни.,русская
6e64c669-5f35-47b0-a931-cecc0dc7aa2f,Кисель,Кисель — традиционное блюдо русская кухни.,русская
88bb3e21-e3d7-4d20-9378-295fbfedeee3,Морс,Морс — традиционное блюдо русская кухни.,русская
90a7fb89-11e3-4952-aca5-4449ed1f2a4f,Пряник,Пряник — традиционное блюдо русская кухни.,русская
f0e946d6-619c-47b3-9b1f-9c1df8ac7e60,Пастила,Пастила — традиционное блюдо русская кухни.,русская
ebdd5923-e30a-49bc-a2f4-833fd60c820a,Зефир,Зефир — традиционное блюдо русская кухни.,русская
afc7c750-4955-4b80-a390-40331bb5bc22,Варенье,Варенье — традиционное блюдо русская кухни.,русская
92330931-baf8-490b-b021-468188b7600e,Сметана,Сметана — традиционное блюдо русская кухни.,русская
54670a63-6477-4ec2-af03-4fe490995ff8,Творог,Творог — традиционное блюдо русская кухни.,русская
df38b012-53f5-4fbe-9ca4-f090adb80fd5,Ряженка,Ряженка — традиционное блюдо русская кухни.,русская
b70639e9-a22f-429a-959a-5eb99b46f16e,Кефир,Кефир — традиционное блюдо русская кухни.,русская
82e4cf12-8310-40f9-8fc5-8c25e7525ef8,Простокваша,Простокваша — традиционное блюдо русская кухни.,русская
321b0e70-6e4d-4d4b-85ab-b61dc41e6a7d,Сгущенка,Сгущенка — традиционное блюдо русская кухни.,русская
4d60d095-f636-4506-ba05-2aa767591eb2,Гречневая каша,Гречневая каша — традиционное блюдо русская кухни.,русская
2ac91863-0b4d-4b9e-a5cd-71ad53fe9718,Перловая каша,Перловая каша — традиционное блюдо русская кухни.,русская
47a18e10-dd52-46b7-984e-89f1cc57fe1d,Пшенная каша,Пшенная каша — традиционное блюдо русская кухни.,русская
fc50c51b-7550-4ba6-825e-dc38a7e3e95c,Манная каша,Манная каша — традиционное блюдо русская кухни.,русская
ac796492-b3a9-47d4-a746-5210c473d786,Рисовая каша,Рисовая каша — традиционное блюдо русская кухни.,русская
7e2d1fb8-48f7-4ada-a353-2a36a83f0243,Овсяная каша,Овсяная каша — традиционное блюдо русская кухни.,русская
92249bc5-a1e7-4e00-a1cd-cfba30086a2a,Кутья,Кутья — традиционное блюдо русская кухни.,русская
8d24e62a-6a8d-4001-8d9a-34ab8915d085,Том ям,Том ям — традиционное блюдо тайская кухни.,тайская
bc16ae52-23e1-49a7-a69e-4c18ead56af1,Пад тай,Пад тай — традиционное блюдо тайская кухни.,тайская
f411410d-a54b-450f-ad9b-6523acfd9911,Карри по-тайски,Карри по-тайски — традиционное блюдо тайская кухни.,тайская
dce0ae14-00e2-4621-8928-4734979605d9,Том кха,Том кха — традиционное блюдо тайская кухни.,тайская
8055d312-dd57-45b7-9819-0f14a98da855,Сом там,Сом там — традиционное блюдо тайская кухни.,тайская
ea8d453a-995b-4ea6-bc3d-d342edfc1f38,Гай пад мет ма муанг,Гай пад мет ма муанг — традиционное блюдо тайская кухни.,тайская
c9d9b33e-d096-46f8-a9d0-cccba7ed7f5c,Лап,Лап — традиционное блюдо тайская кухни.,тайская
36afac2e-d3e5-4927-b1b2-6dd475a08625,Кхао пад,Кхао пад — традиционное блюдо тайская кухни.,тайская
3960094e-54f1-465b-8065-9ee5d822d49b,Кхао ман кай,Кхао ман кай — традиционное блюдо тайская кухни.,тайская
53067177-20d7-47e5-8c24-54f89624b20e,Кхао сой,Кхао сой — традиционное блюдо тайская кухни.,тайская
a4af68eb-e0eb-49b1-bd89-c6628778b6b8,Кхао няо,Кхао няо — традиционное блюдо тайская кухни.,тайская
bca8752e-ac99-4ef2-b204-4732b59e9f1d,Кхао том,Кхао том — традиционное блюдо тайская кухни.,тайская
f114cdde-c647-41c9-994f-e86d097d0837,Кхао клук капи,Кхао клук капи — традиционное блюдо тайская кухни.,тайская
4358dac0-271c-47d5-9c01-106830cb849a,Кхао пхат,Кхао пхат — традиционное блюдо тайская кухни.,тайская
addd6ee2-e4f3-4743-8d61-5d540a0a63bd,Кхао нам,Кхао нам — традиционное блюдо тайская кухни.,тайская
f2bd598c-e7f4-4568-b1c3-78a6ce51248f,Кхао чжа,Кхао чжа — традиционное блюдо тайская кухни.,тайская
586b5af0-ce0b-43f8-bb41-8a89e1959152,Кхао лам,Кхао лам — традиционное блюдо тайская кухни.,тайская
345d4c91-5ec3-42ed-803d-b8f950a3ccd7,Кхао няо мамуанг,Кхао няо мамуанг — традиционное блюдо тайская кухни.,тайская
950d9a33-1cf0-4ad1-9e00-a28f975fedcb,Кхао няо даенг,Кхао няо даенг — традиционное блюдо тайская кухни.,тайская
3e85be44-5c9c-4796-b38e-59b66722b3dd,Кхао няо сан,Кхао няо сан — традиционное блюдо тайская кухни.,тайская
0496e43f-a5a0-4534-aea3-8ac870cdc7f8,Кхао няо пхут,Кхао няо пхут — традиционное блюдо тайская кухни.,тайская
8ce888fc-229f-4ccb-90a5-14673a1cf238,Кхао няо кхай,Кхао няо кхай — традиционное блюдо тайская кухни.,тайская
ae5eb915-faa8-446c-9ae3-5fea8d56a936,Кхао няо му,Кхао няо му — традиционное блюдо тайская кухни.,тайская
473c385b-a17d-444c-9522-aaa2addecc98,Кхао няо пхут,Кхао няо пхут — традиционное блюдо тайская кухни.,тайская
8d90b0c1-ba4f-4d49-a92c-bee2ca39fdcb,Кхао няо кхай,Кхао няо кхай — традиционное блюдо тайская кухни.,тайская
78c16593-4c69-435e-a421-d7789f503893,Кхао няо му,Кхао няо му — традиционное блюдо тайская кухни.,тайская
4321c3ef-3b36-47f1-af55-4fab7e918e10,Кхао няо пхут,Кхао няо пхут — традиционное блюдо тайская кухни.,тайская
30e28386-a57f-47da-a83c-880b59b0a0f9,Кхао няо кхай,Кхао няо кхай — традиционное блюдо тайская кухни.,тайская
a5d1d601-4b19-4752-97eb-a8133c20b8de,Кхао няо му,Кхао няо му — традиционное блюдо тайская кухни.,тайская
465b39b2-8623-4e04-934f-f832bfd89b1c,Кхао няо пхут,Кхао няо пхут — традиционное блюдо тайская кухни.,тайская
a2c1d9b3-f5aa-4d3b-b239-86ca00b46a60,Кхао няо кхай,Кхао няо кхай — традиционное блюдо тайская кухни.,тайская
d2acf20a-6c9c-43c4-b758-9960f6a2d066,Кхао няо му,Кхао няо му — традиционное блюдо тайская кухни.,тайская
454c6a44-d440-4bbe-9e84-41a860fec456,Кхао няо пхут,Кхао няо пхут — традиционное блюдо тайская кухни.,тайская
fbfd59bd-ff3b-402d-941b-ae2f9bb83e2e,Кхао няо кхай,Кхао няо кхай — традиционное блюдо тайская кухни.,тайская
4f3c641a-feaf-4865-8600-a525d95e9c5b,Кхао няо му,Кхао няо му — традиционное блюдо тайская кухни.,тайская
32b5efa0-2742-4396-b3ba-6a908d4481cb,Кхао няо пхут,Кхао няо пхут — традиционное блюдо тайская кухни.,тайская
d93c1b4a-32c1-40c6-b62f-f12b60b5e7de,Паэлья,Паэлья — традиционное блюдо испанская кухни.,испанская
8d7b623d-6a4b-4842-93bd-4f1a486a46af,Тапас,Тапас — традиционное блюдо испанская кухни.,испанская
09bd378e-82e6-4df7-9ebb-b41039619830,Сангрия,Сангрия — традиционное блюдо испанская кухни.,испанская
a94aff54-47e3-4a9d-95d7-82ab95502bd7,Гаспачо,Гаспачо — традиционное блюдо испанская кухни.,испанская
58392838-a984-4a10-a4da-ef6f09a71636,Тортилья,Тортилья — традиционное блюдо испанская кухни.,испанская
7bb14249-2f68-469a-97c9-8d1ea89b4d5d,Хамон,Хамон — традиционное блюдо испанская кухни.,испанская
62187d4e-ce9d-47e3-be6c-f177f3e8df81,Калама́рес,Калама́рес — традиционное блюдо испанская кухни.,испанская
3c668e05-c305-4df9-8646-986afad378a8,Чуррос,Чуррос — традиционное блюдо испанская кухни.,испанская
1a79985a-7508-44b8-943f-ad24c5df18b8,Пульпо а ла гальега,Пульпо а ла гальега — традиционное блюдо испанская кухни.,испанская
45d3de7c-1857-4f02-a8f6-6c9eabd3d581,Фабада,Фабада — традиционное блюдо испанская кухни.,испанская
19a87bae-bd6f-4c1d-80fb-76b6cdd48b25,Косидо мадриленьо,Косидо мадриленьо — традиционное блюдо испанская кухни.,испанская
ce603474-2db6-4971-b9a7-48ef64821faa,Мармитако,Мармитако — традиционное блюдо испанская кухни.,испанская
82cfcf9a-fb9e-4e90-91ee-5b606cf43517,Писто,Писто — традиционное блюдо испанская кухни.,испанская
06210b4b-bc5f-4ae1-adc2-60871efa3638,Сальморехо,Сальморехо — традиционное блюдо испанская кухни.,испанская
2a437d27-3635-44e6-8667-95a03df02f56,Эмпанадас,Эмпанадас — традиционное блюдо испанская кухни.,испанская
634889e5-4a55-49e3-b046-f760765acd21,Майонез,Майонез — традиционное блюдо испанская кухни.,испанская
27359cf4-9753-4ebf-84cd-8bf832462bfa,Альбондигас,Альбондигас — традиционное блюдо испанская кухни.,испанская
31bed6ea-3d44-4a72-99e3-1474ce5493fc,Чоризо,Чоризо — традиционное блюдо испанская кухни.,испанская
d6c80584-202e-4815-8c44-619c57a90f84,Морсилья,Морсилья — традиционное блюдо испанская кухни.,испанская
e9ea680d-a4d5-47ac-aac3-ccd9df762ae7,Соборасада,Соборасада — традиционное блюдо испанская кухни.,испанская
dae872c4-8bec-4735-8841-7a5fc7d307fd,Патxа,Патxа — традиционное блюдо испанская кухни.,испанская
e71dc5ce-9e7d-4031-9c1a-6cece592b5ec,Крема каталана,Крема каталана — традиционное блюдо испанская кухни.,испанская
fb04c2db-555e-4d7c-bc5d-a1eeef78d556,Торт де Сантьяго,Торт де Сантьяго — традиционное блюдо испанская кухни.,испанская
52d9f1d4-6ef8-494b-bbb3-e566e547b231,Польворонес,Польворонес — традиционное блюдо испанская кухни.,испанская
a18411f3-07dd-439e-9797-fe3c04cfa249,Турон,Турон — традиционное блюдо испанская кухни.,испанская
9b01fab5-1086-4062-b873-b837c3363dea,Мантекадос,Мантекадос — традиционное блюдо испанская кухни.,испанская
a2207b7e-0076-46e3-862d-3ff0ec3f8bd7,Роскес,Роскес — традиционное блюдо испанская кухни.,испанская
bd2aeb11-1eab-4367-b50e-46bdcdc36544,Бунуэлос,Бунуэлос — традиционное блюдо испанская кухни.,испанская
91bf193a-419e-4e99-8cb9-43fd0af69893,Орчата,Орчата — традиционное блюдо испанская кухни.,испанская
68db1d01-9fb7-4ae3-9cfa-8e3e8f8476d2,Лече фрита,Лече фрита — традиционное блюдо испанская кухни.,испанская
735eccbf-c9d4-4419-a1dc-b20c88d04d2c,Тостада,Тостада — традиционное блюдо испанская кухни.,испанская
e2261aab-3512-4719-8a60-c7b8c6c16643,Пан кон томакте,Пан кон томакте — традиционное блюдо испанская кухни.,испанская
94f7f9e3-dcb7-4d79-b55f-c6a206ee4bbe,Энсаладилья,Энсаладилья — традиционное блюдо испанская кухни.,испанская
3012f198-5e92-40a1-a55a-3f0a7d99b72d,Пиментос де падрон,Пиментос де падрон — традиционное блюдо испанская кухни.,испанская
5777e76f-6c60-417f-8cce-ddafca36ed4c,Гамбас аль ахильо,Гамбас аль ахильо — традиционное блюдо испанская кухни.,испанская
b7f05bfa-3f0f-48c3-a2fe-6e38cf78bde5,Мехильонес,Мехильонес — традиционное блюдо испанская кухни.,испанская
01090068-c743-4426-8157-e1a9484b7583,Мусака,Мусака — традиционное блюдо греческая кухни.,греческая
3ff98530-b3af-4cab-a16b-5b624c07a1a7,Сувлаки,Сувлаки — традиционное блюдо греческая кухни.,греческая
003c062b-eaed-4848-911c-aa320fd5ddf6,Дзадзики,Дзадзики — традиционное блюдо греческая кухни.,греческая
9c531339-177d-4e39-b218-4fdcd4093a2b,Пита,Пита — традиционное блюдо греческая кухни.,греческая
8bc2816a-3101-4bce-b34e-abcab0fc48fe,Пастицио,Пастицио — традиционное блюдо греческая кухни.,греческая
55b3cc5e-5246-4dbf-9559-6dbc553d2605,Гирос,Гирос — традиционное блюдо греческая кухни.,греческая
0b8349f9-3a67-4f24-a038-30049552e88e,Долма,Долма — традиционное блюдо греческая кухни.,греческая
6b66a140-faf4-43f9-b82e-e23ec49b4928,Спанакопита,Спанакопита — традиционное блюдо греческая кухни.,греческая
f38ef541-d774-438c-947d-0d4b5bf650f9,Тарамосалата,Тарамосалата — традиционное блюдо греческая кухни.,греческая
c235f3f1-278a-493e-815d-84e66420f81d,Гарос,Гарос — традиционное блюдо греческая кухни.,греческая
52a2b530-00c3-44bc-ad0a-7cc7c3517fcd,Кулури,Кулури — традиционное блюдо греческая кухни.,греческая
a079f9dd-9908-43c7-9cd3-8646d0e55930,Лукумадес,Лукумадес — традиционное блюдо греческая кухни.,греческая
a31021f0-b9a7-43f8-937b-b74118e634b1,Фасолада,Фасолада — традиционное блюдо греческая кухни.,греческая
046c9dc3-e6f5-466f-a4ac-ff79ef20c606,Ревитхья,Ревитхья — традиционное блюдо греческая кухни.,греческая
3c1e1ac3-a2db-4f26-857e-8d031c637f51,Фава,Фава — традиционное блюдо греческая кухни.,греческая
5cb0a79b-d8ae-4d41-a60c-a21193b9cfb4,Мелидзаносалата,Мелидзаносалата — традиционное блюдо греческая кухни.,греческая
ccfd31c3-f004-4f87-86e1-f37cfa0c12b6,Тиропита,Тиропита — традиционное блюдо греческая кухни.,греческая
a98c5c0f-bda1-4629-83d8-5032552bcb0c,Бугаца,Бугаца — традиционное блюдо греческая кухни.,греческая
8b60e6de-318a-4027-affa-75f5706ca1b1,Кулури,Кулури — традиционное блюдо греческая кухни.,греческая
31fe7ea8-d42d-4b1e-8d57-f64194c7d26b,Лукумадес,Лукумадес — традиционное блюдо греческая кухни.,греческая
06002ff3-81c2-44cb-89a2-4bea7cc31dd2,Фасолада,Фасолада — традиционное блюдо греческая кухни.,греческая
b4af804f-4641-459d-bc4e-17f6d2d1aab7,Ревитхья,Ревитхья — традиционное блюдо греческая кухни.,греческая
5e5e8187-3171-4283-9caa-386bc5050607,Фава,Фава — традиционное блюдо греческая кухни.,греческая
20a969e0-5924-4317-af99-3a8a10de285a,Мелидзаносалата,Мелидзаносалата — традиционное блюдо греческая кухни.,греческая
a13778a3-427e-45af-a8e6-47c0c1e88b2a,Тиропита,Тиропита — традиционное блюдо греческая кухни.,греческая
9462a4d1-4927-43dd-b485-8b00ac6cf95e,Бугаца,Бугаца — традиционное блюдо греческая кухни.,греческая
594e82b5-cb93-4dce-914b-566f7cdb7041,Кулури,Кулури — традиционное блюдо греческая кухни.,греческая
7465ad4e-ba12-4af1-877a-9f67aaab83b7,Лукумадес,Лукумадес — традиционное блюдо греческая кухни.,греческая
b7ab327a-a667-41b1-adbd-5a4a8e2a488f,Фасолада,Фасолада — традиционное блюдо греческая кухни.,греческая
9521bfba-c445-4e0b-8f95-756b5d7bcc1d,Ревитхья,Ревитхья — традиционное блюдо греческая кухни.,греческая
e4c021c6-73e4-4d99-bbb8-3c6234930ac9,Фава,Фава — традиционное блюдо греческая кухни.,греческая
add225b0-9586-4ea9-adcf-3aeadea0b067,Мелидзаносалата,Мелидзаносалата — традиционное блюдо греческая кухни.,греческая
6ce58bfb-524c-4354-ac38-d2a404422653,Тиропита,Тиропита — традиционное блюдо греческая кухни.,греческая
6011b9d0-cc65-4427-9b17-1d011313d482,Бугаца,Бугаца — традиционное блюдо греческая кухни.,греческая
79de1e35-300e-4570-bb91-ba053a3b1fc8,Кулури,Кулури — традиционное блюдо греческая кухни.,греческая
435db8c4-cc53-4d82-88a3-aa9948d74293,Лукумадес,Лукумадес — традиционное блюдо греческая кухни.,греческая
